time,available,waitlisted,total,normalized_available,normalized_waitlisted
2022-04-01T17:55:43,9998,0,9999,0.9998999899989999,0.0
2022-04-01T18:04:21,9998,0,9999,0.9998999899989999,0.0
2022-04-01T18:12:59,9998,0,9999,0.9998999899989999,0.0
2022-04-01T18:21:47,9998,0,9999,0.9998999899989999,0.0
2022-04-01T18:30:25,9998,0,9999,0.9998999899989999,0.0
2022-04-01T18:39:03,9998,0,9999,0.9998999899989999,0.0
2022-04-01T18:47:41,9998,0,9999,0.9998999899989999,0.0
2022-04-01T18:56:19,9998,0,9999,0.9998999899989999,0.0
2022-04-01T19:04:56,9998,0,9999,0.9998999899989999,0.0
2022-04-01T19:13:34,9998,0,9999,0.9998999899989999,0.0
2022-04-01T19:22:12,9998,0,9999,0.9998999899989999,0.0
2022-04-01T19:30:50,9998,0,9999,0.9998999899989999,0.0
2022-04-01T19:39:46,9998,0,9999,0.9998999899989999,0.0
2022-04-01T19:48:24,9998,0,9999,0.9998999899989999,0.0
2022-04-01T19:57:01,9998,0,9999,0.9998999899989999,0.0
2022-04-01T20:05:39,9998,0,9999,0.9998999899989999,0.0
2022-04-01T20:14:17,9998,0,9999,0.9998999899989999,0.0
2022-04-01T20:22:55,9998,0,9999,0.9998999899989999,0.0
2022-04-01T20:31:32,9998,0,9999,0.9998999899989999,0.0
2022-04-01T20:40:10,9998,0,9999,0.9998999899989999,0.0
2022-04-01T20:48:48,9998,0,9999,0.9998999899989999,0.0
2022-04-01T20:57:25,9998,0,9999,0.9998999899989999,0.0
2022-04-01T21:06:12,9998,0,9999,0.9998999899989999,0.0
2022-04-01T21:14:50,9998,0,9999,0.9998999899989999,0.0
2022-04-01T21:23:28,9998,0,9999,0.9998999899989999,0.0
2022-04-01T21:32:05,9998,0,9999,0.9998999899989999,0.0
2022-04-01T21:40:43,9998,0,9999,0.9998999899989999,0.0
2022-04-01T21:49:21,9998,0,9999,0.9998999899989999,0.0
2022-04-01T21:57:59,9998,0,9999,0.9998999899989999,0.0
2022-04-01T22:06:36,9998,0,9999,0.9998999899989999,0.0
2022-04-01T22:15:14,9998,0,9999,0.9998999899989999,0.0
2022-04-01T22:23:52,9998,0,9999,0.9998999899989999,0.0
2022-04-01T22:32:30,9998,0,9999,0.9998999899989999,0.0
2022-04-01T22:41:08,9998,0,9999,0.9998999899989999,0.0
2022-04-01T22:49:45,9998,0,9999,0.9998999899989999,0.0
2022-04-01T22:58:23,9998,0,9999,0.9998999899989999,0.0
2022-04-01T23:07:22,9998,0,9999,0.9998999899989999,0.0
2022-04-01T23:16:00,9998,0,9999,0.9998999899989999,0.0
2022-04-01T23:24:38,9998,0,9999,0.9998999899989999,0.0
2022-04-01T23:33:16,9998,0,9999,0.9998999899989999,0.0
2022-04-01T23:41:54,9998,0,9999,0.9998999899989999,0.0
2022-04-01T23:50:32,9998,0,9999,0.9998999899989999,0.0
2022-04-01T23:59:09,9998,0,9999,0.9998999899989999,0.0
2022-04-02T00:07:47,9998,0,9999,0.9998999899989999,0.0
2022-04-02T00:16:25,9998,0,9999,0.9998999899989999,0.0
2022-04-02T00:25:04,9998,0,9999,0.9998999899989999,0.0
2022-04-02T00:33:42,9998,0,9999,0.9998999899989999,0.0
2022-04-02T00:42:20,9998,0,9999,0.9998999899989999,0.0
2022-04-02T00:51:18,9998,0,9999,0.9998999899989999,0.0
2022-04-02T00:59:57,9998,0,9999,0.9998999899989999,0.0
2022-04-02T01:08:35,9998,0,9999,0.9998999899989999,0.0
2022-04-02T01:17:13,9998,0,9999,0.9998999899989999,0.0
2022-04-02T01:25:51,9998,0,9999,0.9998999899989999,0.0
2022-04-02T01:34:30,9998,0,9999,0.9998999899989999,0.0
2022-04-02T01:43:08,9998,0,9999,0.9998999899989999,0.0
2022-04-02T01:51:47,9998,0,9999,0.9998999899989999,0.0
2022-04-02T02:00:24,9998,0,9999,0.9998999899989999,0.0
2022-04-02T02:09:03,9998,0,9999,0.9998999899989999,0.0
2022-04-02T02:17:41,9998,0,9999,0.9998999899989999,0.0
2022-04-02T02:26:18,9998,0,9999,0.9998999899989999,0.0
2022-04-02T02:34:56,9998,0,9999,0.9998999899989999,0.0
2022-04-02T02:43:34,9998,0,9999,0.9998999899989999,0.0
2022-04-02T02:52:12,9998,0,9999,0.9998999899989999,0.0
2022-04-02T03:00:49,9998,0,9999,0.9998999899989999,0.0
2022-04-02T03:09:28,9998,0,9999,0.9998999899989999,0.0
2022-04-02T03:18:27,9998,0,9999,0.9998999899989999,0.0
2022-04-02T03:27:06,9998,0,9999,0.9998999899989999,0.0
2022-04-02T03:35:44,9998,0,9999,0.9998999899989999,0.0
2022-04-02T03:44:23,9998,0,9999,0.9998999899989999,0.0
2022-04-02T03:53:01,9998,0,9999,0.9998999899989999,0.0
2022-04-02T04:01:40,9998,0,9999,0.9998999899989999,0.0
2022-04-02T04:10:18,9998,0,9999,0.9998999899989999,0.0
2022-04-02T04:31:06,9998,0,9999,0.9998999899989999,0.0
2022-04-02T04:39:45,9998,0,9999,0.9998999899989999,0.0
2022-04-02T04:48:24,9998,0,9999,0.9998999899989999,0.0
2022-04-02T04:57:03,9998,0,9999,0.9998999899989999,0.0
2022-04-02T05:05:42,9998,0,9999,0.9998999899989999,0.0
2022-04-02T05:14:20,9998,0,9999,0.9998999899989999,0.0
2022-04-02T05:23:00,9998,0,9999,0.9998999899989999,0.0
2022-04-02T05:31:38,9998,0,9999,0.9998999899989999,0.0
2022-04-02T05:40:17,9998,0,9999,0.9998999899989999,0.0
2022-04-02T05:48:55,9998,0,9999,0.9998999899989999,0.0
2022-04-02T05:57:34,9998,0,9999,0.9998999899989999,0.0
2022-04-02T06:06:12,9998,0,9999,0.9998999899989999,0.0
2022-04-02T06:14:51,9998,0,9999,0.9998999899989999,0.0
2022-04-02T06:23:29,9998,0,9999,0.9998999899989999,0.0
2022-04-02T06:32:10,9998,0,9999,0.9998999899989999,0.0
2022-04-02T06:40:48,9998,0,9999,0.9998999899989999,0.0
2022-04-02T06:49:26,9998,0,9999,0.9998999899989999,0.0
2022-04-02T06:58:05,9998,0,9999,0.9998999899989999,0.0
2022-04-02T07:06:43,9998,0,9999,0.9998999899989999,0.0
2022-04-02T07:15:22,9998,0,9999,0.9998999899989999,0.0
2022-04-02T07:24:00,9998,0,9999,0.9998999899989999,0.0
2022-04-02T07:32:38,9998,0,9999,0.9998999899989999,0.0
2022-04-02T07:41:16,9998,0,9999,0.9998999899989999,0.0
2022-04-02T07:49:54,9998,0,9999,0.9998999899989999,0.0
2022-04-02T07:58:32,9998,0,9999,0.9998999899989999,0.0
2022-04-02T08:07:20,9998,0,9999,0.9998999899989999,0.0
2022-04-02T08:15:59,9998,0,9999,0.9998999899989999,0.0
2022-04-02T08:24:37,9998,0,9999,0.9998999899989999,0.0
2022-04-02T08:33:15,9998,0,9999,0.9998999899989999,0.0
2022-04-02T08:41:54,9998,0,9999,0.9998999899989999,0.0
2022-04-02T08:50:32,9998,0,9999,0.9998999899989999,0.0
2022-04-02T08:59:10,9998,0,9999,0.9998999899989999,0.0
2022-04-02T09:07:48,9998,0,9999,0.9998999899989999,0.0
2022-04-02T09:16:27,9998,0,9999,0.9998999899989999,0.0
2022-04-02T09:25:05,9998,0,9999,0.9998999899989999,0.0
2022-04-02T09:33:54,9998,0,9999,0.9998999899989999,0.0
2022-04-02T09:42:32,9998,0,9999,0.9998999899989999,0.0
2022-04-02T09:51:10,9998,0,9999,0.9998999899989999,0.0
2022-04-02T09:59:48,9998,0,9999,0.9998999899989999,0.0
2022-04-02T10:08:26,9998,0,9999,0.9998999899989999,0.0
2022-04-02T10:17:04,9998,0,9999,0.9998999899989999,0.0
2022-04-02T10:25:42,9998,0,9999,0.9998999899989999,0.0
2022-04-02T10:34:20,9998,0,9999,0.9998999899989999,0.0
2022-04-02T10:42:57,9998,0,9999,0.9998999899989999,0.0
2022-04-02T10:51:35,9998,0,9999,0.9998999899989999,0.0
2022-04-02T11:00:13,9998,0,9999,0.9998999899989999,0.0
2022-04-02T11:08:51,9998,0,9999,0.9998999899989999,0.0
2022-04-02T11:17:29,9998,0,9999,0.9998999899989999,0.0
2022-04-02T11:26:07,9998,0,9999,0.9998999899989999,0.0
2022-04-02T11:34:45,9998,0,9999,0.9998999899989999,0.0
2022-04-02T11:43:23,9998,0,9999,0.9998999899989999,0.0
2022-04-02T11:52:10,9998,0,9999,0.9998999899989999,0.0
2022-04-02T12:00:48,9998,0,9999,0.9998999899989999,0.0
2022-04-02T12:09:26,9998,0,9999,0.9998999899989999,0.0
2022-04-02T12:18:04,9998,0,9999,0.9998999899989999,0.0
2022-04-02T12:26:42,9998,0,9999,0.9998999899989999,0.0
2022-04-02T12:35:20,9998,0,9999,0.9998999899989999,0.0
2022-04-02T12:43:58,9998,0,9999,0.9998999899989999,0.0
2022-04-02T12:52:35,9998,0,9999,0.9998999899989999,0.0
2022-04-02T13:01:23,9998,0,9999,0.9998999899989999,0.0
2022-04-02T13:10:00,9998,0,9999,0.9998999899989999,0.0
2022-04-02T13:18:38,9998,0,9999,0.9998999899989999,0.0
2022-04-02T13:27:16,9998,0,9999,0.9998999899989999,0.0
2022-04-02T13:35:54,9998,0,9999,0.9998999899989999,0.0
2022-04-02T13:44:32,9998,0,9999,0.9998999899989999,0.0
2022-04-02T13:53:10,9998,0,9999,0.9998999899989999,0.0
2022-04-02T14:01:47,9998,0,9999,0.9998999899989999,0.0
2022-04-02T14:10:25,9998,0,9999,0.9998999899989999,0.0
2022-04-02T14:19:03,9998,0,9999,0.9998999899989999,0.0
2022-04-02T14:27:50,9998,0,9999,0.9998999899989999,0.0
2022-04-02T14:36:28,9998,0,9999,0.9998999899989999,0.0
2022-04-02T14:45:06,9998,0,9999,0.9998999899989999,0.0
2022-04-02T14:53:44,9998,0,9999,0.9998999899989999,0.0
2022-04-02T15:02:22,9998,0,9999,0.9998999899989999,0.0
2022-04-02T15:10:59,9998,0,9999,0.9998999899989999,0.0
2022-04-02T15:19:38,9998,0,9999,0.9998999899989999,0.0
2022-04-02T15:28:16,9998,0,9999,0.9998999899989999,0.0
2022-04-02T15:36:53,9998,0,9999,0.9998999899989999,0.0
2022-04-02T15:45:31,9998,0,9999,0.9998999899989999,0.0
2022-04-02T15:54:20,9998,0,9999,0.9998999899989999,0.0
2022-04-02T16:02:58,9998,0,9999,0.9998999899989999,0.0
2022-04-02T16:11:35,9998,0,9999,0.9998999899989999,0.0
2022-04-02T16:20:13,9998,0,9999,0.9998999899989999,0.0
2022-04-02T16:28:51,9998,0,9999,0.9998999899989999,0.0
2022-04-02T16:37:29,9998,0,9999,0.9998999899989999,0.0
2022-04-02T16:46:07,9998,0,9999,0.9998999899989999,0.0
2022-04-02T16:54:44,9998,0,9999,0.9998999899989999,0.0
2022-04-02T17:03:23,9998,0,9999,0.9998999899989999,0.0
2022-04-02T17:12:01,9998,0,9999,0.9998999899989999,0.0
2022-04-02T17:20:48,9998,0,9999,0.9998999899989999,0.0
2022-04-02T17:29:26,9998,0,9999,0.9998999899989999,0.0
2022-04-02T17:38:04,9998,0,9999,0.9998999899989999,0.0
2022-04-02T17:46:42,9998,0,9999,0.9998999899989999,0.0
2022-04-02T17:55:20,9998,0,9999,0.9998999899989999,0.0
2022-04-02T18:03:57,9998,0,9999,0.9998999899989999,0.0
2022-04-02T18:12:35,9998,0,9999,0.9998999899989999,0.0
2022-04-02T18:21:13,9998,0,9999,0.9998999899989999,0.0
2022-04-02T18:29:51,9998,0,9999,0.9998999899989999,0.0
2022-04-02T18:38:36,9998,0,9999,0.9998999899989999,0.0
2022-04-02T18:47:14,9998,0,9999,0.9998999899989999,0.0
2022-04-02T18:55:51,9998,0,9999,0.9998999899989999,0.0
2022-04-02T19:04:29,9998,0,9999,0.9998999899989999,0.0
2022-04-02T19:13:07,9998,0,9999,0.9998999899989999,0.0
2022-04-02T19:21:45,9998,0,9999,0.9998999899989999,0.0
2022-04-02T19:30:22,9998,0,9999,0.9998999899989999,0.0
2022-04-02T19:39:00,9998,0,9999,0.9998999899989999,0.0
2022-04-02T19:47:38,9998,0,9999,0.9998999899989999,0.0
2022-04-02T19:56:16,9998,0,9999,0.9998999899989999,0.0
2022-04-02T20:05:03,9998,0,9999,0.9998999899989999,0.0
2022-04-02T20:13:41,9998,0,9999,0.9998999899989999,0.0
2022-04-02T20:22:19,9998,0,9999,0.9998999899989999,0.0
2022-04-02T20:30:57,9998,0,9999,0.9998999899989999,0.0
2022-04-02T20:39:35,9998,0,9999,0.9998999899989999,0.0
2022-04-02T20:48:13,9998,0,9999,0.9998999899989999,0.0
2022-04-02T20:56:50,9998,0,9999,0.9998999899989999,0.0
2022-04-02T21:05:28,9998,0,9999,0.9998999899989999,0.0
2022-04-02T21:14:15,9998,0,9999,0.9998999899989999,0.0
2022-04-02T21:22:53,9998,0,9999,0.9998999899989999,0.0
2022-04-02T21:31:31,9998,0,9999,0.9998999899989999,0.0
2022-04-02T21:40:09,9998,0,9999,0.9998999899989999,0.0
2022-04-02T21:48:47,9998,0,9999,0.9998999899989999,0.0
2022-04-02T21:57:25,9998,0,9999,0.9998999899989999,0.0
2022-04-02T22:06:02,9998,0,9999,0.9998999899989999,0.0
2022-04-02T22:14:40,9998,0,9999,0.9998999899989999,0.0
2022-04-02T22:23:18,9998,0,9999,0.9998999899989999,0.0
2022-04-02T22:31:56,9998,0,9999,0.9998999899989999,0.0
2022-04-02T22:40:34,9998,0,9999,0.9998999899989999,0.0
2022-04-02T22:49:20,9998,0,9999,0.9998999899989999,0.0
2022-04-02T22:57:57,9998,0,9999,0.9998999899989999,0.0
2022-04-02T23:06:35,9998,0,9999,0.9998999899989999,0.0
2022-04-02T23:15:13,9998,0,9999,0.9998999899989999,0.0
2022-04-02T23:23:51,9998,0,9999,0.9998999899989999,0.0
2022-04-02T23:32:29,9998,0,9999,0.9998999899989999,0.0
2022-04-02T23:41:07,9998,0,9999,0.9998999899989999,0.0
2022-04-02T23:49:45,9998,0,9999,0.9998999899989999,0.0
2022-04-02T23:58:23,9998,0,9999,0.9998999899989999,0.0
2022-04-03T00:07:01,9998,0,9999,0.9998999899989999,0.0
2022-04-03T00:15:39,9998,0,9999,0.9998999899989999,0.0
2022-04-03T00:24:17,9998,0,9999,0.9998999899989999,0.0
2022-04-03T00:32:55,9998,0,9999,0.9998999899989999,0.0
2022-04-03T00:41:33,9998,0,9999,0.9998999899989999,0.0
2022-04-03T00:50:12,9998,0,9999,0.9998999899989999,0.0
2022-04-03T00:58:50,9998,0,9999,0.9998999899989999,0.0
2022-04-03T01:07:36,9998,0,9999,0.9998999899989999,0.0
2022-04-03T01:16:14,9998,0,9999,0.9998999899989999,0.0
2022-04-03T01:24:52,9998,0,9999,0.9998999899989999,0.0
2022-04-03T01:33:30,9998,0,9999,0.9998999899989999,0.0
2022-04-03T01:42:08,9998,0,9999,0.9998999899989999,0.0
2022-04-03T01:50:47,9998,0,9999,0.9998999899989999,0.0
2022-04-03T01:59:25,9998,0,9999,0.9998999899989999,0.0
2022-04-03T02:08:06,9998,0,9999,0.9998999899989999,0.0
2022-04-03T02:16:45,9998,0,9999,0.9998999899989999,0.0
2022-04-03T02:25:23,9998,0,9999,0.9998999899989999,0.0
2022-04-03T02:34:01,9998,0,9999,0.9998999899989999,0.0
2022-04-03T02:42:39,9998,0,9999,0.9998999899989999,0.0
2022-04-03T02:51:17,9998,0,9999,0.9998999899989999,0.0
2022-04-03T02:59:55,9998,0,9999,0.9998999899989999,0.0
2022-04-03T03:08:33,9998,0,9999,0.9998999899989999,0.0
2022-04-03T03:17:11,9998,0,9999,0.9998999899989999,0.0
2022-04-03T03:25:49,9998,0,9999,0.9998999899989999,0.0
2022-04-03T03:34:27,9998,0,9999,0.9998999899989999,0.0
2022-04-03T03:43:05,9998,0,9999,0.9998999899989999,0.0
2022-04-03T03:51:43,9998,0,9999,0.9998999899989999,0.0
2022-04-03T04:00:22,9998,0,9999,0.9998999899989999,0.0
2022-04-03T04:10:07,9998,0,9999,0.9998999899989999,0.0
2022-04-03T04:39:59,9998,0,9999,0.9998999899989999,0.0
2022-04-03T04:48:38,9998,0,9999,0.9998999899989999,0.0
2022-04-03T04:57:17,9998,0,9999,0.9998999899989999,0.0
2022-04-03T05:05:56,9998,0,9999,0.9998999899989999,0.0
2022-04-03T05:14:35,9998,0,9999,0.9998999899989999,0.0
2022-04-03T05:23:13,9998,0,9999,0.9998999899989999,0.0
2022-04-03T05:31:52,9998,0,9999,0.9998999899989999,0.0
2022-04-03T05:40:30,9998,0,9999,0.9998999899989999,0.0
2022-04-03T05:49:09,9998,0,9999,0.9998999899989999,0.0
2022-04-03T05:57:47,9998,0,9999,0.9998999899989999,0.0
2022-04-03T06:06:25,9998,0,9999,0.9998999899989999,0.0
2022-04-03T06:15:04,9998,0,9999,0.9998999899989999,0.0
2022-04-03T06:23:42,9998,0,9999,0.9998999899989999,0.0
2022-04-03T06:32:20,9998,0,9999,0.9998999899989999,0.0
2022-04-03T06:40:58,9998,0,9999,0.9998999899989999,0.0
2022-04-03T06:49:39,9998,0,9999,0.9998999899989999,0.0
2022-04-03T06:58:17,9998,0,9999,0.9998999899989999,0.0
2022-04-03T07:06:55,9998,0,9999,0.9998999899989999,0.0
2022-04-03T07:15:32,9998,0,9999,0.9998999899989999,0.0
2022-04-03T07:24:10,9998,0,9999,0.9998999899989999,0.0
2022-04-03T07:32:48,9998,0,9999,0.9998999899989999,0.0
2022-04-03T07:41:26,9998,0,9999,0.9998999899989999,0.0
2022-04-03T07:50:04,9998,0,9999,0.9998999899989999,0.0
2022-04-03T07:58:41,9998,0,9999,0.9998999899989999,0.0
2022-04-03T08:07:19,9998,0,9999,0.9998999899989999,0.0
2022-04-03T08:15:57,9998,0,9999,0.9998999899989999,0.0
2022-04-03T08:24:36,9998,0,9999,0.9998999899989999,0.0
2022-04-03T08:33:15,9998,0,9999,0.9998999899989999,0.0
2022-04-03T08:41:55,9998,0,9999,0.9998999899989999,0.0
2022-04-03T08:50:42,9998,0,9999,0.9998999899989999,0.0
2022-04-03T08:59:20,9998,0,9999,0.9998999899989999,0.0
2022-04-03T09:07:58,9998,0,9999,0.9998999899989999,0.0
2022-04-03T09:16:36,9998,0,9999,0.9998999899989999,0.0
2022-04-03T09:25:14,9998,0,9999,0.9998999899989999,0.0
2022-04-03T09:33:52,9998,0,9999,0.9998999899989999,0.0
2022-04-03T09:42:31,9998,0,9999,0.9998999899989999,0.0
2022-04-03T09:51:09,9998,0,9999,0.9998999899989999,0.0
2022-04-03T09:59:47,9998,0,9999,0.9998999899989999,0.0
2022-04-03T10:08:25,9998,0,9999,0.9998999899989999,0.0
2022-04-03T10:17:03,9998,0,9999,0.9998999899989999,0.0
2022-04-03T10:25:42,9998,0,9999,0.9998999899989999,0.0
2022-04-03T10:34:21,9998,0,9999,0.9998999899989999,0.0
2022-04-03T10:42:59,9998,0,9999,0.9998999899989999,0.0
2022-04-03T10:51:38,9998,0,9999,0.9998999899989999,0.0
2022-04-03T11:00:16,9998,0,9999,0.9998999899989999,0.0
2022-04-03T11:09:04,9998,0,9999,0.9998999899989999,0.0
2022-04-03T11:17:42,9998,0,9999,0.9998999899989999,0.0
2022-04-03T11:26:21,9998,0,9999,0.9998999899989999,0.0
2022-04-03T11:34:59,9998,0,9999,0.9998999899989999,0.0
2022-04-03T11:43:38,9998,0,9999,0.9998999899989999,0.0
2022-04-03T11:52:16,9998,0,9999,0.9998999899989999,0.0
2022-04-03T12:00:54,9998,0,9999,0.9998999899989999,0.0
2022-04-03T12:09:32,9998,0,9999,0.9998999899989999,0.0
2022-04-03T12:18:10,9998,0,9999,0.9998999899989999,0.0
2022-04-03T12:26:48,9998,0,9999,0.9998999899989999,0.0
2022-04-03T12:35:26,9998,0,9999,0.9998999899989999,0.0
2022-04-03T12:44:12,9998,0,9999,0.9998999899989999,0.0
2022-04-03T12:52:50,9998,0,9999,0.9998999899989999,0.0
2022-04-03T13:01:27,9998,0,9999,0.9998999899989999,0.0
2022-04-03T13:10:05,9998,0,9999,0.9998999899989999,0.0
2022-04-03T13:18:43,9998,0,9999,0.9998999899989999,0.0
2022-04-03T13:27:21,9998,0,9999,0.9998999899989999,0.0
2022-04-03T13:35:59,9998,0,9999,0.9998999899989999,0.0
2022-04-03T13:44:36,9998,0,9999,0.9998999899989999,0.0
2022-04-03T13:53:14,9998,0,9999,0.9998999899989999,0.0
2022-04-03T14:01:52,9998,0,9999,0.9998999899989999,0.0
2022-04-03T14:10:30,9998,0,9999,0.9998999899989999,0.0
2022-04-03T14:19:08,9998,0,9999,0.9998999899989999,0.0
2022-04-03T14:27:46,9998,0,9999,0.9998999899989999,0.0
2022-04-03T14:36:34,9998,0,9999,0.9998999899989999,0.0
2022-04-03T14:45:12,9998,0,9999,0.9998999899989999,0.0
2022-04-03T14:53:50,9998,0,9999,0.9998999899989999,0.0
2022-04-03T15:02:28,9998,0,9999,0.9998999899989999,0.0
2022-04-03T15:11:05,9998,0,9999,0.9998999899989999,0.0
2022-04-03T15:19:43,9998,0,9999,0.9998999899989999,0.0
2022-04-03T15:28:21,9998,0,9999,0.9998999899989999,0.0
2022-04-03T15:36:59,9998,0,9999,0.9998999899989999,0.0
2022-04-03T15:45:44,9998,0,9999,0.9998999899989999,0.0
2022-04-03T15:54:22,9998,0,9999,0.9998999899989999,0.0
2022-04-03T16:03:00,9998,0,9999,0.9998999899989999,0.0
2022-04-03T16:11:37,9998,0,9999,0.9998999899989999,0.0
2022-04-03T16:20:16,9998,0,9999,0.9998999899989999,0.0
2022-04-03T16:28:54,9998,0,9999,0.9998999899989999,0.0
2022-04-03T16:37:31,9998,0,9999,0.9998999899989999,0.0
2022-04-03T16:46:09,9998,0,9999,0.9998999899989999,0.0
2022-04-03T16:54:47,9998,0,9999,0.9998999899989999,0.0
2022-04-03T17:03:35,9998,0,9999,0.9998999899989999,0.0
2022-04-03T17:12:12,9998,0,9999,0.9998999899989999,0.0
2022-04-03T17:20:50,9998,0,9999,0.9998999899989999,0.0
2022-04-03T17:29:28,9998,0,9999,0.9998999899989999,0.0
2022-04-03T17:38:06,9998,0,9999,0.9998999899989999,0.0
2022-04-03T17:46:44,9998,0,9999,0.9998999899989999,0.0
2022-04-03T17:55:22,9998,0,9999,0.9998999899989999,0.0
2022-04-03T18:04:00,9998,0,9999,0.9998999899989999,0.0
2022-04-03T18:12:37,9998,0,9999,0.9998999899989999,0.0
2022-04-03T18:21:15,9998,0,9999,0.9998999899989999,0.0
2022-04-03T18:29:53,9998,0,9999,0.9998999899989999,0.0
2022-04-03T18:38:39,9998,0,9999,0.9998999899989999,0.0
2022-04-03T18:47:16,9998,0,9999,0.9998999899989999,0.0
2022-04-03T18:55:54,9998,0,9999,0.9998999899989999,0.0
2022-04-03T19:04:32,9998,0,9999,0.9998999899989999,0.0
2022-04-03T19:13:10,9998,0,9999,0.9998999899989999,0.0
2022-04-03T19:21:48,9998,0,9999,0.9998999899989999,0.0
2022-04-03T19:30:26,9998,0,9999,0.9998999899989999,0.0
2022-04-03T19:39:03,9998,0,9999,0.9998999899989999,0.0
2022-04-03T19:47:41,9998,0,9999,0.9998999899989999,0.0
2022-04-03T19:56:19,9998,0,9999,0.9998999899989999,0.0
2022-04-03T20:05:06,9998,0,9999,0.9998999899989999,0.0
2022-04-03T20:13:44,9998,0,9999,0.9998999899989999,0.0
2022-04-03T20:22:22,9998,0,9999,0.9998999899989999,0.0
2022-04-03T20:30:59,9998,0,9999,0.9998999899989999,0.0
2022-04-03T20:39:37,9998,0,9999,0.9998999899989999,0.0
2022-04-03T20:48:15,9998,0,9999,0.9998999899989999,0.0
2022-04-03T20:56:53,9998,0,9999,0.9998999899989999,0.0
2022-04-03T21:05:30,9998,0,9999,0.9998999899989999,0.0
2022-04-03T21:14:08,9998,0,9999,0.9998999899989999,0.0
2022-04-03T21:22:47,9998,0,9999,0.9998999899989999,0.0
2022-04-03T21:31:24,9998,0,9999,0.9998999899989999,0.0
2022-04-03T21:40:12,9998,0,9999,0.9998999899989999,0.0
2022-04-03T21:48:50,9998,0,9999,0.9998999899989999,0.0
2022-04-03T21:57:28,9998,0,9999,0.9998999899989999,0.0
2022-04-03T22:06:06,9998,0,9999,0.9998999899989999,0.0
2022-04-03T22:14:44,9998,0,9999,0.9998999899989999,0.0
2022-04-03T22:23:22,9998,0,9999,0.9998999899989999,0.0
2022-04-03T22:32:00,9998,0,9999,0.9998999899989999,0.0
2022-04-03T22:40:38,9998,0,9999,0.9998999899989999,0.0
2022-04-03T22:49:24,9998,0,9999,0.9998999899989999,0.0
2022-04-03T22:58:02,9998,0,9999,0.9998999899989999,0.0
2022-04-03T23:06:40,9998,0,9999,0.9998999899989999,0.0
2022-04-03T23:15:18,9998,0,9999,0.9998999899989999,0.0
2022-04-03T23:23:56,9998,0,9999,0.9998999899989999,0.0
2022-04-03T23:32:34,9998,0,9999,0.9998999899989999,0.0
2022-04-03T23:41:12,9998,0,9999,0.9998999899989999,0.0
2022-04-03T23:49:50,9998,0,9999,0.9998999899989999,0.0
2022-04-03T23:58:27,9998,0,9999,0.9998999899989999,0.0
2022-04-04T00:07:06,9998,0,9999,0.9998999899989999,0.0
2022-04-04T00:15:52,9998,0,9999,0.9998999899989999,0.0
2022-04-04T00:24:30,9998,0,9999,0.9998999899989999,0.0
2022-04-04T00:33:08,9998,0,9999,0.9998999899989999,0.0
2022-04-04T00:41:46,9998,0,9999,0.9998999899989999,0.0
2022-04-04T00:50:24,9998,0,9999,0.9998999899989999,0.0
2022-04-04T00:59:02,9998,0,9999,0.9998999899989999,0.0
2022-04-04T01:07:40,9998,0,9999,0.9998999899989999,0.0
2022-04-04T01:16:19,9998,0,9999,0.9998999899989999,0.0
2022-04-04T01:24:57,9998,0,9999,0.9998999899989999,0.0
2022-04-04T01:33:36,9998,0,9999,0.9998999899989999,0.0
2022-04-04T01:42:14,9998,0,9999,0.9998999899989999,0.0
2022-04-04T01:50:52,9998,0,9999,0.9998999899989999,0.0
2022-04-04T01:59:39,9998,0,9999,0.9998999899989999,0.0
2022-04-04T02:08:17,9998,0,9999,0.9998999899989999,0.0
2022-04-04T02:16:55,9998,0,9999,0.9998999899989999,0.0
2022-04-04T02:25:34,9998,0,9999,0.9998999899989999,0.0
2022-04-04T02:34:12,9998,0,9999,0.9998999899989999,0.0
2022-04-04T02:42:50,9998,0,9999,0.9998999899989999,0.0
2022-04-04T02:51:29,9998,0,9999,0.9998999899989999,0.0
2022-04-04T03:00:06,9998,0,9999,0.9998999899989999,0.0
2022-04-04T03:08:44,9998,0,9999,0.9998999899989999,0.0
2022-04-04T03:17:22,9998,0,9999,0.9998999899989999,0.0
2022-04-04T03:26:00,9998,0,9999,0.9998999899989999,0.0
2022-04-04T03:34:38,9998,0,9999,0.9998999899989999,0.0
2022-04-04T03:43:27,9998,0,9999,0.9998999899989999,0.0
2022-04-04T03:52:06,9998,0,9999,0.9998999899989999,0.0
2022-04-04T04:00:44,9998,0,9999,0.9998999899989999,0.0
2022-04-04T04:09:22,9998,0,9999,0.9998999899989999,0.0
2022-04-04T04:36:12,9998,0,9999,0.9998999899989999,0.0
2022-04-04T04:44:52,9998,0,9999,0.9998999899989999,0.0
2022-04-04T04:53:30,9998,0,9999,0.9998999899989999,0.0
2022-04-04T05:02:09,9998,0,9999,0.9998999899989999,0.0
2022-04-04T05:10:49,9998,0,9999,0.9998999899989999,0.0
2022-04-04T05:19:27,9998,0,9999,0.9998999899989999,0.0
2022-04-04T05:28:06,9998,0,9999,0.9998999899989999,0.0
2022-04-04T05:36:44,9998,0,9999,0.9998999899989999,0.0
2022-04-04T05:45:23,9998,0,9999,0.9998999899989999,0.0
2022-04-04T05:54:01,9998,0,9999,0.9998999899989999,0.0
2022-04-04T06:02:40,9998,0,9999,0.9998999899989999,0.0
2022-04-04T06:11:18,9998,0,9999,0.9998999899989999,0.0
2022-04-04T06:19:56,9998,0,9999,0.9998999899989999,0.0
2022-04-04T06:28:35,9998,0,9999,0.9998999899989999,0.0
2022-04-04T06:37:15,9998,0,9999,0.9998999899989999,0.0
2022-04-04T06:45:53,9998,0,9999,0.9998999899989999,0.0
2022-04-04T06:54:31,9998,0,9999,0.9998999899989999,0.0
2022-04-04T07:03:09,9998,0,9999,0.9998999899989999,0.0
2022-04-04T07:11:46,9998,0,9999,0.9998999899989999,0.0
2022-04-04T07:20:24,9998,0,9999,0.9998999899989999,0.0
2022-04-04T07:29:02,9998,0,9999,0.9998999899989999,0.0
2022-04-04T07:37:40,9998,0,9999,0.9998999899989999,0.0
2022-04-04T07:46:28,9998,0,9999,0.9998999899989999,0.0
2022-04-04T07:55:06,9998,0,9999,0.9998999899989999,0.0
2022-04-04T08:03:44,9998,0,9999,0.9998999899989999,0.0
2022-04-04T08:12:22,9998,0,9999,0.9998999899989999,0.0
2022-04-04T08:21:00,9998,0,9999,0.9998999899989999,0.0
2022-04-04T08:29:38,9998,0,9999,0.9998999899989999,0.0
2022-04-04T08:38:16,9998,0,9999,0.9998999899989999,0.0
2022-04-04T08:46:54,9998,0,9999,0.9998999899989999,0.0
2022-04-04T08:55:32,9998,0,9999,0.9998999899989999,0.0
2022-04-04T09:04:11,9998,0,9999,0.9998999899989999,0.0
2022-04-04T09:12:59,9998,0,9999,0.9998999899989999,0.0
2022-04-04T09:21:37,9998,0,9999,0.9998999899989999,0.0
2022-04-04T09:30:15,9998,0,9999,0.9998999899989999,0.0
2022-04-04T09:38:53,9998,0,9999,0.9998999899989999,0.0
2022-04-04T09:47:31,9998,0,9999,0.9998999899989999,0.0
2022-04-04T09:56:09,9998,0,9999,0.9998999899989999,0.0
2022-04-04T10:04:47,9998,0,9999,0.9998999899989999,0.0
2022-04-04T10:13:38,9998,0,9999,0.9998999899989999,0.0
2022-04-04T10:22:16,9998,0,9999,0.9998999899989999,0.0
2022-04-04T10:30:54,9998,0,9999,0.9998999899989999,0.0
2022-04-04T10:39:32,9998,0,9999,0.9998999899989999,0.0
2022-04-04T10:48:10,9998,0,9999,0.9998999899989999,0.0
2022-04-04T10:56:48,9998,0,9999,0.9998999899989999,0.0
2022-04-04T11:05:37,9998,0,9999,0.9998999899989999,0.0
2022-04-04T11:14:15,9998,0,9999,0.9998999899989999,0.0
2022-04-04T11:22:55,9998,0,9999,0.9998999899989999,0.0
2022-04-04T11:31:34,9998,0,9999,0.9998999899989999,0.0
2022-04-04T11:40:14,9998,0,9999,0.9998999899989999,0.0
2022-04-04T11:49:02,9998,0,9999,0.9998999899989999,0.0
2022-04-04T11:57:41,9998,0,9999,0.9998999899989999,0.0
2022-04-04T12:06:19,9998,0,9999,0.9998999899989999,0.0
2022-04-04T12:14:57,9998,0,9999,0.9998999899989999,0.0
2022-04-04T12:23:35,9998,0,9999,0.9998999899989999,0.0
2022-04-04T12:32:23,9998,0,9999,0.9998999899989999,0.0
2022-04-04T12:41:01,9998,0,9999,0.9998999899989999,0.0
2022-04-04T12:49:39,9998,0,9999,0.9998999899989999,0.0
2022-04-04T12:58:17,9998,0,9999,0.9998999899989999,0.0
2022-04-04T13:06:55,9998,0,9999,0.9998999899989999,0.0
2022-04-04T13:15:34,9998,0,9999,0.9998999899989999,0.0
2022-04-04T13:24:19,9998,0,9999,0.9998999899989999,0.0
2022-04-04T13:32:57,9998,0,9999,0.9998999899989999,0.0
2022-04-04T13:41:35,9998,0,9999,0.9998999899989999,0.0
2022-04-04T13:50:14,9998,0,9999,0.9998999899989999,0.0
2022-04-04T13:58:52,9998,0,9999,0.9998999899989999,0.0
2022-04-04T14:07:30,9998,0,9999,0.9998999899989999,0.0
2022-04-04T14:16:20,9998,0,9999,0.9998999899989999,0.0
2022-04-04T14:24:58,9998,0,9999,0.9998999899989999,0.0
2022-04-04T14:33:36,9998,0,9999,0.9998999899989999,0.0
2022-04-04T14:42:14,9998,0,9999,0.9998999899989999,0.0
2022-04-04T14:50:53,9998,0,9999,0.9998999899989999,0.0
2022-04-04T14:59:43,9998,0,9999,0.9998999899989999,0.0
2022-04-04T15:08:21,9998,0,9999,0.9998999899989999,0.0
2022-04-04T15:16:59,9998,0,9999,0.9998999899989999,0.0
2022-04-04T15:25:37,9998,0,9999,0.9998999899989999,0.0
2022-04-04T15:34:15,9998,0,9999,0.9998999899989999,0.0
2022-04-04T15:43:04,9998,0,9999,0.9998999899989999,0.0
2022-04-04T15:51:42,9998,0,9999,0.9998999899989999,0.0
2022-04-04T16:00:20,9998,0,9999,0.9998999899989999,0.0
2022-04-04T16:08:58,9998,0,9999,0.9998999899989999,0.0
2022-04-04T16:17:36,9998,0,9999,0.9998999899989999,0.0
2022-04-04T16:26:23,9998,0,9999,0.9998999899989999,0.0
2022-04-04T16:35:01,9998,0,9999,0.9998999899989999,0.0
2022-04-04T16:43:39,9998,0,9999,0.9998999899989999,0.0
2022-04-04T16:52:17,9998,0,9999,0.9998999899989999,0.0
2022-04-04T17:00:55,9998,0,9999,0.9998999899989999,0.0
2022-04-04T17:09:43,9998,0,9999,0.9998999899989999,0.0
2022-04-04T17:18:21,9998,0,9999,0.9998999899989999,0.0
2022-04-04T17:26:59,9998,0,9999,0.9998999899989999,0.0
2022-04-04T17:35:37,9998,0,9999,0.9998999899989999,0.0
2022-04-04T17:44:15,9998,0,9999,0.9998999899989999,0.0
2022-04-04T17:52:55,9998,0,9999,0.9998999899989999,0.0
2022-04-04T18:01:44,9998,0,9999,0.9998999899989999,0.0
2022-04-04T18:10:22,9998,0,9999,0.9998999899989999,0.0
2022-04-04T18:19:00,9998,0,9999,0.9998999899989999,0.0
2022-04-04T18:27:38,9998,0,9999,0.9998999899989999,0.0
2022-04-04T18:36:27,9998,0,9999,0.9998999899989999,0.0
2022-04-04T18:45:05,9998,0,9999,0.9998999899989999,0.0
2022-04-04T18:53:42,9998,0,9999,0.9998999899989999,0.0
2022-04-04T19:02:20,9998,0,9999,0.9998999899989999,0.0
2022-04-04T19:10:58,9998,0,9999,0.9998999899989999,0.0
2022-04-04T19:19:36,9998,0,9999,0.9998999899989999,0.0
2022-04-04T19:28:14,9998,0,9999,0.9998999899989999,0.0
2022-04-04T19:37:00,9998,0,9999,0.9998999899989999,0.0
2022-04-04T19:45:38,9998,0,9999,0.9998999899989999,0.0
2022-04-04T19:54:16,9998,0,9999,0.9998999899989999,0.0
2022-04-04T20:02:54,9998,0,9999,0.9998999899989999,0.0
2022-04-04T20:11:32,9998,0,9999,0.9998999899989999,0.0
2022-04-04T20:20:09,9998,0,9999,0.9998999899989999,0.0
2022-04-04T20:28:47,9998,0,9999,0.9998999899989999,0.0
2022-04-04T20:37:25,9998,0,9999,0.9998999899989999,0.0
2022-04-04T20:46:03,9998,0,9999,0.9998999899989999,0.0
2022-04-04T20:54:41,9998,0,9999,0.9998999899989999,0.0
2022-04-04T21:03:28,9998,0,9999,0.9998999899989999,0.0
2022-04-04T21:12:05,9998,0,9999,0.9998999899989999,0.0
2022-04-04T21:20:43,9998,0,9999,0.9998999899989999,0.0
2022-04-04T21:29:21,9998,0,9999,0.9998999899989999,0.0
2022-04-04T21:37:59,9998,0,9999,0.9998999899989999,0.0
2022-04-04T21:46:37,9998,0,9999,0.9998999899989999,0.0
2022-04-04T21:55:15,9998,0,9999,0.9998999899989999,0.0
2022-04-04T22:03:53,9998,0,9999,0.9998999899989999,0.0
2022-04-04T22:12:40,9998,0,9999,0.9998999899989999,0.0
2022-04-04T22:21:19,9998,0,9999,0.9998999899989999,0.0
2022-04-04T22:29:58,9998,0,9999,0.9998999899989999,0.0
2022-04-04T22:38:36,9998,0,9999,0.9998999899989999,0.0
2022-04-04T22:47:15,9998,0,9999,0.9998999899989999,0.0
2022-04-04T22:55:54,9998,0,9999,0.9998999899989999,0.0
2022-04-04T23:04:32,9998,0,9999,0.9998999899989999,0.0
2022-04-04T23:13:11,9998,0,9999,0.9998999899989999,0.0
2022-04-04T23:21:50,9998,0,9999,0.9998999899989999,0.0
2022-04-04T23:30:37,9998,0,9999,0.9998999899989999,0.0
2022-04-04T23:39:15,9998,0,9999,0.9998999899989999,0.0
2022-04-04T23:47:53,9998,0,9999,0.9998999899989999,0.0
2022-04-04T23:56:31,9998,0,9999,0.9998999899989999,0.0
2022-04-05T00:05:09,9998,0,9999,0.9998999899989999,0.0
2022-04-05T00:13:47,9998,0,9999,0.9998999899989999,0.0
2022-04-05T00:22:25,9998,0,9999,0.9998999899989999,0.0
2022-04-05T00:31:04,9998,0,9999,0.9998999899989999,0.0
2022-04-05T00:39:42,9998,0,9999,0.9998999899989999,0.0
2022-04-05T00:48:20,9998,0,9999,0.9998999899989999,0.0
2022-04-05T00:57:11,9998,0,9999,0.9998999899989999,0.0
2022-04-05T01:05:49,9998,0,9999,0.9998999899989999,0.0
2022-04-05T01:14:27,9998,0,9999,0.9998999899989999,0.0
2022-04-05T01:23:05,9998,0,9999,0.9998999899989999,0.0
2022-04-05T01:31:43,9998,0,9999,0.9998999899989999,0.0
2022-04-05T01:40:21,9998,0,9999,0.9998999899989999,0.0
2022-04-05T01:48:59,9998,0,9999,0.9998999899989999,0.0
2022-04-05T01:57:37,9998,0,9999,0.9998999899989999,0.0
2022-04-05T02:06:15,9998,0,9999,0.9998999899989999,0.0
2022-04-05T02:14:53,9998,0,9999,0.9998999899989999,0.0
2022-04-05T02:23:31,9998,0,9999,0.9998999899989999,0.0
2022-04-05T02:32:09,9998,0,9999,0.9998999899989999,0.0
2022-04-05T02:40:47,9998,0,9999,0.9998999899989999,0.0
2022-04-05T02:49:25,9998,0,9999,0.9998999899989999,0.0
2022-04-05T02:58:03,9998,0,9999,0.9998999899989999,0.0
2022-04-05T03:06:40,9998,0,9999,0.9998999899989999,0.0
2022-04-05T03:15:18,9998,0,9999,0.9998999899989999,0.0
2022-04-05T03:23:57,9998,0,9999,0.9998999899989999,0.0
2022-04-05T03:32:35,9998,0,9999,0.9998999899989999,0.0
2022-04-05T03:41:13,9998,0,9999,0.9998999899989999,0.0
2022-04-05T03:49:51,9998,0,9999,0.9998999899989999,0.0
2022-04-05T03:58:30,9998,0,9999,0.9998999899989999,0.0
2022-04-05T04:07:56,9998,0,9999,0.9998999899989999,0.0
2022-04-05T04:18:11,9998,0,9999,0.9998999899989999,0.0
2022-04-05T04:34:59,9998,0,9999,0.9998999899989999,0.0
2022-04-05T04:43:38,9998,0,9999,0.9998999899989999,0.0
2022-04-05T04:52:16,9998,0,9999,0.9998999899989999,0.0
2022-04-05T05:00:55,9998,0,9999,0.9998999899989999,0.0
2022-04-05T05:09:34,9998,0,9999,0.9998999899989999,0.0
2022-04-05T05:18:13,9998,0,9999,0.9998999899989999,0.0
2022-04-05T05:26:52,9998,0,9999,0.9998999899989999,0.0
2022-04-05T05:35:30,9998,0,9999,0.9998999899989999,0.0
2022-04-05T05:44:09,9998,0,9999,0.9998999899989999,0.0
2022-04-05T05:52:47,9998,0,9999,0.9998999899989999,0.0
2022-04-05T06:01:26,9998,0,9999,0.9998999899989999,0.0
2022-04-05T06:10:04,9998,0,9999,0.9998999899989999,0.0
2022-04-05T06:18:42,9998,0,9999,0.9998999899989999,0.0
2022-04-05T06:27:21,9998,0,9999,0.9998999899989999,0.0
2022-04-05T06:35:59,9998,0,9999,0.9998999899989999,0.0
2022-04-05T06:44:38,9998,0,9999,0.9998999899989999,0.0
2022-04-05T06:53:16,9998,0,9999,0.9998999899989999,0.0
2022-04-05T07:01:55,9998,0,9999,0.9998999899989999,0.0
2022-04-05T07:10:33,9998,0,9999,0.9998999899989999,0.0
2022-04-05T07:19:11,9998,0,9999,0.9998999899989999,0.0
2022-04-05T07:27:56,9998,0,9999,0.9998999899989999,0.0
2022-04-05T07:36:34,9998,0,9999,0.9998999899989999,0.0
2022-04-05T07:45:11,9998,0,9999,0.9998999899989999,0.0
2022-04-05T07:53:49,9998,0,9999,0.9998999899989999,0.0
2022-04-05T08:02:28,9998,0,9999,0.9998999899989999,0.0
2022-04-05T08:11:06,9998,0,9999,0.9998999899989999,0.0
2022-04-05T08:19:44,9998,0,9999,0.9998999899989999,0.0
2022-04-05T08:28:22,9998,0,9999,0.9998999899989999,0.0
2022-04-05T08:37:00,9998,0,9999,0.9998999899989999,0.0
2022-04-05T08:45:38,9998,0,9999,0.9998999899989999,0.0
2022-04-05T08:54:16,9998,0,9999,0.9998999899989999,0.0
2022-04-05T09:02:54,9998,0,9999,0.9998999899989999,0.0
2022-04-05T09:11:32,9998,0,9999,0.9998999899989999,0.0
2022-04-05T09:20:11,9998,0,9999,0.9998999899989999,0.0
2022-04-05T09:29:09,9998,0,9999,0.9998999899989999,0.0
2022-04-05T09:37:47,9998,0,9999,0.9998999899989999,0.0
2022-04-05T09:46:25,9998,0,9999,0.9998999899989999,0.0
2022-04-05T09:55:03,9998,0,9999,0.9998999899989999,0.0
2022-04-05T10:03:41,9998,0,9999,0.9998999899989999,0.0
2022-04-05T10:12:19,9998,0,9999,0.9998999899989999,0.0
2022-04-05T10:20:57,9998,0,9999,0.9998999899989999,0.0
2022-04-05T10:29:35,9998,0,9999,0.9998999899989999,0.0
2022-04-05T10:38:25,9998,0,9999,0.9998999899989999,0.0
2022-04-05T10:47:03,9998,0,9999,0.9998999899989999,0.0
2022-04-05T10:55:41,9998,0,9999,0.9998999899989999,0.0
2022-04-05T11:04:19,9998,0,9999,0.9998999899989999,0.0
2022-04-05T11:12:58,9998,0,9999,0.9998999899989999,0.0
2022-04-05T11:21:36,9998,0,9999,0.9998999899989999,0.0
2022-04-05T11:30:14,9998,0,9999,0.9998999899989999,0.0
2022-04-05T11:38:59,9998,0,9999,0.9998999899989999,0.0
2022-04-05T11:47:38,9998,0,9999,0.9998999899989999,0.0
2022-04-05T11:56:16,9998,0,9999,0.9998999899989999,0.0
2022-04-05T12:04:54,9998,0,9999,0.9998999899989999,0.0
2022-04-05T12:13:32,9998,0,9999,0.9998999899989999,0.0
2022-04-05T12:22:10,9998,0,9999,0.9998999899989999,0.0
2022-04-05T12:31:00,9998,0,9999,0.9998999899989999,0.0
2022-04-05T12:39:40,9998,0,9999,0.9998999899989999,0.0
2022-04-05T12:48:18,9998,0,9999,0.9998999899989999,0.0
2022-04-05T12:56:57,9998,0,9999,0.9998999899989999,0.0
2022-04-05T13:05:35,9998,0,9999,0.9998999899989999,0.0
2022-04-05T13:14:13,9998,0,9999,0.9998999899989999,0.0
2022-04-05T13:22:51,9998,0,9999,0.9998999899989999,0.0
2022-04-05T13:31:42,9998,0,9999,0.9998999899989999,0.0
2022-04-05T13:40:20,9998,0,9999,0.9998999899989999,0.0
2022-04-05T13:48:59,9998,0,9999,0.9998999899989999,0.0
2022-04-05T13:57:37,9998,0,9999,0.9998999899989999,0.0
2022-04-05T14:06:15,9998,0,9999,0.9998999899989999,0.0
2022-04-05T14:14:53,9998,0,9999,0.9998999899989999,0.0
2022-04-05T14:23:32,9998,0,9999,0.9998999899989999,0.0
2022-04-05T14:32:11,9998,0,9999,0.9998999899989999,0.0
2022-04-05T14:40:59,9998,0,9999,0.9998999899989999,0.0
2022-04-05T14:49:37,9998,0,9999,0.9998999899989999,0.0
2022-04-05T14:58:15,9998,0,9999,0.9998999899989999,0.0
2022-04-05T15:06:54,9998,0,9999,0.9998999899989999,0.0
2022-04-05T15:15:32,9998,0,9999,0.9998999899989999,0.0
2022-04-05T15:24:10,9998,0,9999,0.9998999899989999,0.0
2022-04-05T15:32:48,9998,0,9999,0.9998999899989999,0.0
2022-04-05T15:41:37,9998,0,9999,0.9998999899989999,0.0
2022-04-05T15:50:15,9998,0,9999,0.9998999899989999,0.0
2022-04-05T15:58:53,9998,0,9999,0.9998999899989999,0.0
2022-04-05T16:07:31,9998,0,9999,0.9998999899989999,0.0
2022-04-05T16:16:09,9998,0,9999,0.9998999899989999,0.0
2022-04-05T16:24:47,9998,0,9999,0.9998999899989999,0.0
2022-04-05T16:33:25,9998,0,9999,0.9998999899989999,0.0
2022-04-05T16:42:20,9998,0,9999,0.9998999899989999,0.0
2022-04-05T16:50:58,9998,0,9999,0.9998999899989999,0.0
2022-04-05T16:59:36,9998,0,9999,0.9998999899989999,0.0
2022-04-05T17:08:14,9998,0,9999,0.9998999899989999,0.0
2022-04-05T17:16:52,9998,0,9999,0.9998999899989999,0.0
2022-04-05T17:25:30,9998,0,9999,0.9998999899989999,0.0
2022-04-05T17:34:08,9998,0,9999,0.9998999899989999,0.0
2022-04-05T17:42:55,9998,0,9999,0.9998999899989999,0.0
2022-04-05T17:56:33,9998,0,9999,0.9998999899989999,0.0
2022-04-05T18:05:11,9998,0,9999,0.9998999899989999,0.0
2022-04-05T18:13:49,9998,0,9999,0.9998999899989999,0.0
2022-04-05T18:22:27,9998,0,9999,0.9998999899989999,0.0
2022-04-05T18:31:05,9998,0,9999,0.9998999899989999,0.0
2022-04-05T18:39:42,9998,0,9999,0.9998999899989999,0.0
2022-04-05T18:48:20,9998,0,9999,0.9998999899989999,0.0
2022-04-05T18:56:58,9998,0,9999,0.9998999899989999,0.0
2022-04-05T19:05:36,9998,0,9999,0.9998999899989999,0.0
2022-04-05T19:14:14,9998,0,9999,0.9998999899989999,0.0
2022-04-05T19:23:03,9998,0,9999,0.9998999899989999,0.0
2022-04-05T19:31:41,9998,0,9999,0.9998999899989999,0.0
2022-04-05T19:40:19,9998,0,9999,0.9998999899989999,0.0
2022-04-05T19:48:57,9998,0,9999,0.9998999899989999,0.0
2022-04-05T19:57:35,9998,0,9999,0.9998999899989999,0.0
2022-04-05T20:06:13,9998,0,9999,0.9998999899989999,0.0
2022-04-05T20:14:51,9998,0,9999,0.9998999899989999,0.0
2022-04-05T20:23:29,9998,0,9999,0.9998999899989999,0.0
2022-04-05T20:32:07,9998,0,9999,0.9998999899989999,0.0
2022-04-05T20:40:44,9998,0,9999,0.9998999899989999,0.0
2022-04-05T20:49:22,9998,0,9999,0.9998999899989999,0.0
2022-04-05T20:58:00,9998,0,9999,0.9998999899989999,0.0
2022-04-05T21:06:38,9998,0,9999,0.9998999899989999,0.0
2022-04-05T21:15:16,9998,0,9999,0.9998999899989999,0.0
2022-04-05T21:24:13,9998,0,9999,0.9998999899989999,0.0
2022-04-05T21:32:51,9998,0,9999,0.9998999899989999,0.0
2022-04-05T21:41:29,9998,0,9999,0.9998999899989999,0.0
2022-04-05T21:50:07,9998,0,9999,0.9998999899989999,0.0
2022-04-05T21:58:45,9998,0,9999,0.9998999899989999,0.0
2022-04-05T22:07:23,9998,0,9999,0.9998999899989999,0.0
2022-04-05T22:16:01,9998,0,9999,0.9998999899989999,0.0
2022-04-05T22:24:39,9998,0,9999,0.9998999899989999,0.0
2022-04-05T22:33:17,9998,0,9999,0.9998999899989999,0.0
2022-04-05T22:41:55,9998,0,9999,0.9998999899989999,0.0
2022-04-05T22:50:33,9998,0,9999,0.9998999899989999,0.0
2022-04-05T22:59:11,9998,0,9999,0.9998999899989999,0.0
2022-04-05T23:07:59,9998,0,9999,0.9998999899989999,0.0
2022-04-05T23:16:37,9998,0,9999,0.9998999899989999,0.0
2022-04-05T23:25:14,9998,0,9999,0.9998999899989999,0.0
2022-04-05T23:33:52,9998,0,9999,0.9998999899989999,0.0
2022-04-05T23:42:30,9998,0,9999,0.9998999899989999,0.0
2022-04-05T23:51:08,9998,0,9999,0.9998999899989999,0.0
2022-04-05T23:59:46,9998,0,9999,0.9998999899989999,0.0
2022-04-06T00:08:24,9998,0,9999,0.9998999899989999,0.0
2022-04-06T00:17:03,9998,0,9999,0.9998999899989999,0.0
2022-04-06T00:25:41,9998,0,9999,0.9998999899989999,0.0
2022-04-06T00:34:19,9998,0,9999,0.9998999899989999,0.0
2022-04-06T00:42:58,9998,0,9999,0.9998999899989999,0.0
2022-04-06T00:51:36,9998,0,9999,0.9998999899989999,0.0
2022-04-06T01:00:14,9998,0,9999,0.9998999899989999,0.0
2022-04-06T01:08:53,9998,0,9999,0.9998999899989999,0.0
2022-04-06T01:17:31,9998,0,9999,0.9998999899989999,0.0
2022-04-06T01:26:09,9998,0,9999,0.9998999899989999,0.0
2022-04-06T01:34:58,9998,0,9999,0.9998999899989999,0.0
2022-04-06T01:43:36,9998,0,9999,0.9998999899989999,0.0
2022-04-06T01:52:14,9998,0,9999,0.9998999899989999,0.0
2022-04-06T02:00:52,9998,0,9999,0.9998999899989999,0.0
2022-04-06T02:09:30,9998,0,9999,0.9998999899989999,0.0
2022-04-06T02:18:08,9998,0,9999,0.9998999899989999,0.0
2022-04-06T02:26:46,9998,0,9999,0.9998999899989999,0.0
2022-04-06T02:35:24,9998,0,9999,0.9998999899989999,0.0
2022-04-06T02:44:06,9998,0,9999,0.9998999899989999,0.0
2022-04-06T02:52:45,9998,0,9999,0.9998999899989999,0.0
2022-04-06T03:01:23,9998,0,9999,0.9998999899989999,0.0
2022-04-06T03:10:01,9998,0,9999,0.9998999899989999,0.0
2022-04-06T03:18:39,9998,0,9999,0.9998999899989999,0.0
2022-04-06T03:27:18,9998,0,9999,0.9998999899989999,0.0
2022-04-06T03:35:55,9998,0,9999,0.9998999899989999,0.0
2022-04-06T03:44:34,9998,0,9999,0.9998999899989999,0.0
2022-04-06T03:53:12,9998,0,9999,0.9998999899989999,0.0
2022-04-06T04:01:50,9998,0,9999,0.9998999899989999,0.0
2022-04-06T04:12:32,9998,0,9999,0.9998999899989999,0.0
2022-04-06T04:39:55,9998,0,9999,0.9998999899989999,0.0
2022-04-06T04:48:33,9998,0,9999,0.9998999899989999,0.0
2022-04-06T04:57:12,9998,0,9999,0.9998999899989999,0.0
2022-04-06T05:05:51,9998,0,9999,0.9998999899989999,0.0
2022-04-06T05:14:30,9998,0,9999,0.9998999899989999,0.0
2022-04-06T05:23:08,9998,0,9999,0.9998999899989999,0.0
2022-04-06T05:31:46,9998,0,9999,0.9998999899989999,0.0
2022-04-06T05:40:25,9998,0,9999,0.9998999899989999,0.0
2022-04-06T05:49:04,9998,0,9999,0.9998999899989999,0.0
2022-04-06T05:57:43,9998,0,9999,0.9998999899989999,0.0
2022-04-06T06:06:21,9998,0,9999,0.9998999899989999,0.0
2022-04-06T06:15:00,9998,0,9999,0.9998999899989999,0.0
2022-04-06T06:23:38,9998,0,9999,0.9998999899989999,0.0
2022-04-06T06:32:17,9998,0,9999,0.9998999899989999,0.0
2022-04-06T06:40:55,9998,0,9999,0.9998999899989999,0.0
2022-04-06T06:49:32,9998,0,9999,0.9998999899989999,0.0
2022-04-06T06:58:10,9998,0,9999,0.9998999899989999,0.0
2022-04-06T07:06:48,9998,0,9999,0.9998999899989999,0.0
2022-04-06T07:15:26,9998,0,9999,0.9998999899989999,0.0
2022-04-06T07:24:04,9998,0,9999,0.9998999899989999,0.0
2022-04-06T07:32:45,9998,0,9999,0.9998999899989999,0.0
2022-04-06T07:41:23,9998,0,9999,0.9998999899989999,0.0
2022-04-06T07:50:01,9998,0,9999,0.9998999899989999,0.0
2022-04-06T07:58:39,9998,0,9999,0.9998999899989999,0.0
2022-04-06T08:07:17,9998,0,9999,0.9998999899989999,0.0
2022-04-06T08:15:55,9998,0,9999,0.9998999899989999,0.0
2022-04-06T08:24:33,9998,0,9999,0.9998999899989999,0.0
2022-04-06T08:33:18,9998,0,9999,0.9998999899989999,0.0
2022-04-06T08:41:56,9998,0,9999,0.9998999899989999,0.0
2022-04-06T08:50:34,9998,0,9999,0.9998999899989999,0.0
2022-04-06T08:59:12,9998,0,9999,0.9998999899989999,0.0
2022-04-06T09:07:51,9998,0,9999,0.9998999899989999,0.0
2022-04-06T09:16:28,9998,0,9999,0.9998999899989999,0.0
2022-04-06T09:25:06,9998,0,9999,0.9998999899989999,0.0
2022-04-06T09:33:44,9998,0,9999,0.9998999899989999,0.0
2022-04-06T09:42:23,9998,0,9999,0.9998999899989999,0.0
2022-04-06T09:51:01,9998,0,9999,0.9998999899989999,0.0
2022-04-06T09:59:39,9998,0,9999,0.9998999899989999,0.0
2022-04-06T10:08:17,9998,0,9999,0.9998999899989999,0.0
2022-04-06T10:17:06,9998,0,9999,0.9998999899989999,0.0
2022-04-06T10:25:44,9998,0,9999,0.9998999899989999,0.0
2022-04-06T10:34:22,9998,0,9999,0.9998999899989999,0.0
2022-04-06T10:43:00,9998,0,9999,0.9998999899989999,0.0
2022-04-06T10:51:38,9998,0,9999,0.9998999899989999,0.0
2022-04-06T11:00:17,9998,0,9999,0.9998999899989999,0.0
2022-04-06T11:08:55,9998,0,9999,0.9998999899989999,0.0
2022-04-06T11:17:33,9998,0,9999,0.9998999899989999,0.0
2022-04-06T11:26:12,9998,0,9999,0.9998999899989999,0.0
2022-04-06T11:35:00,9998,0,9999,0.9998999899989999,0.0
2022-04-06T11:43:38,9998,0,9999,0.9998999899989999,0.0
2022-04-06T11:52:16,9998,0,9999,0.9998999899989999,0.0
2022-04-06T12:00:54,9998,0,9999,0.9998999899989999,0.0
2022-04-06T12:09:32,9998,0,9999,0.9998999899989999,0.0
2022-04-06T12:18:10,9998,0,9999,0.9998999899989999,0.0
2022-04-06T12:26:48,9998,0,9999,0.9998999899989999,0.0
2022-04-06T12:35:27,9998,0,9999,0.9998999899989999,0.0
2022-04-06T12:44:16,9998,0,9999,0.9998999899989999,0.0
2022-04-06T12:52:54,9998,0,9999,0.9998999899989999,0.0
2022-04-06T13:01:32,9998,0,9999,0.9998999899989999,0.0
2022-04-06T13:10:10,9998,0,9999,0.9998999899989999,0.0
2022-04-06T13:18:48,9998,0,9999,0.9998999899989999,0.0
2022-04-06T13:27:27,9998,0,9999,0.9998999899989999,0.0
2022-04-06T13:36:05,9998,0,9999,0.9998999899989999,0.0
2022-04-06T13:44:43,9998,0,9999,0.9998999899989999,0.0
2022-04-06T13:53:34,9998,0,9999,0.9998999899989999,0.0
2022-04-06T14:02:12,9998,0,9999,0.9998999899989999,0.0
2022-04-06T14:10:50,9998,0,9999,0.9998999899989999,0.0
2022-04-06T14:19:28,9998,0,9999,0.9998999899989999,0.0
2022-04-06T14:28:06,9998,0,9999,0.9998999899989999,0.0
2022-04-06T14:36:44,9998,0,9999,0.9998999899989999,0.0
2022-04-06T14:45:22,9998,0,9999,0.9998999899989999,0.0
2022-04-06T14:54:01,9998,0,9999,0.9998999899989999,0.0
2022-04-06T15:02:48,9998,0,9999,0.9998999899989999,0.0
2022-04-06T15:11:26,9998,0,9999,0.9998999899989999,0.0
2022-04-06T15:20:04,9998,0,9999,0.9998999899989999,0.0
2022-04-06T15:28:43,9998,0,9999,0.9998999899989999,0.0
2022-04-06T15:37:21,9998,0,9999,0.9998999899989999,0.0
2022-04-06T15:45:59,9998,0,9999,0.9998999899989999,0.0
2022-04-06T15:54:37,9998,0,9999,0.9998999899989999,0.0
2022-04-06T16:03:17,9998,0,9999,0.9998999899989999,0.0
2022-04-06T16:12:04,9998,0,9999,0.9998999899989999,0.0
2022-04-06T16:20:43,9998,0,9999,0.9998999899989999,0.0
2022-04-06T16:29:21,9998,0,9999,0.9998999899989999,0.0
2022-04-06T16:37:59,9998,0,9999,0.9998999899989999,0.0
2022-04-06T16:46:37,9998,0,9999,0.9998999899989999,0.0
2022-04-06T16:55:15,9998,0,9999,0.9998999899989999,0.0
2022-04-06T17:03:53,9998,0,9999,0.9998999899989999,0.0
2022-04-06T17:12:31,9998,0,9999,0.9998999899989999,0.0
2022-04-06T17:21:09,9998,0,9999,0.9998999899989999,0.0
2022-04-06T17:30:00,9998,0,9999,0.9998999899989999,0.0
2022-04-06T17:38:38,9998,0,9999,0.9998999899989999,0.0
2022-04-06T17:47:16,9998,0,9999,0.9998999899989999,0.0
2022-04-06T17:55:53,9998,0,9999,0.9998999899989999,0.0
2022-04-06T18:04:31,9998,0,9999,0.9998999899989999,0.0
2022-04-06T18:13:09,9998,0,9999,0.9998999899989999,0.0
2022-04-06T18:21:47,9998,0,9999,0.9998999899989999,0.0
2022-04-06T18:30:25,9998,0,9999,0.9998999899989999,0.0
2022-04-06T18:39:15,9998,0,9999,0.9998999899989999,0.0
2022-04-06T18:47:53,9998,0,9999,0.9998999899989999,0.0
2022-04-06T18:56:30,9998,0,9999,0.9998999899989999,0.0
2022-04-06T19:05:08,9998,0,9999,0.9998999899989999,0.0
2022-04-06T19:13:46,9998,0,9999,0.9998999899989999,0.0
2022-04-06T19:22:24,9998,0,9999,0.9998999899989999,0.0
2022-04-06T19:31:02,9998,0,9999,0.9998999899989999,0.0
2022-04-06T19:39:40,9998,0,9999,0.9998999899989999,0.0
2022-04-06T19:48:28,9998,0,9999,0.9998999899989999,0.0
2022-04-06T19:57:06,9998,0,9999,0.9998999899989999,0.0
2022-04-06T20:05:44,9998,0,9999,0.9998999899989999,0.0
2022-04-06T20:14:22,9998,0,9999,0.9998999899989999,0.0
2022-04-06T20:22:59,9998,0,9999,0.9998999899989999,0.0
2022-04-06T20:31:38,9998,0,9999,0.9998999899989999,0.0
2022-04-06T20:40:16,9998,0,9999,0.9998999899989999,0.0
2022-04-06T20:48:53,9998,0,9999,0.9998999899989999,0.0
2022-04-06T20:57:31,9998,0,9999,0.9998999899989999,0.0
2022-04-06T21:06:19,9998,0,9999,0.9998999899989999,0.0
2022-04-06T21:14:57,9998,0,9999,0.9998999899989999,0.0
2022-04-06T21:23:35,9998,0,9999,0.9998999899989999,0.0
2022-04-06T21:32:13,9998,0,9999,0.9998999899989999,0.0
2022-04-06T21:40:50,9998,0,9999,0.9998999899989999,0.0
2022-04-06T21:49:28,9998,0,9999,0.9998999899989999,0.0
2022-04-06T21:58:06,9998,0,9999,0.9998999899989999,0.0
2022-04-06T22:06:44,9998,0,9999,0.9998999899989999,0.0
2022-04-06T22:15:22,9998,0,9999,0.9998999899989999,0.0
2022-04-06T22:24:00,9998,0,9999,0.9998999899989999,0.0
2022-04-06T22:32:38,9998,0,9999,0.9998999899989999,0.0
2022-04-06T22:41:25,9998,0,9999,0.9998999899989999,0.0
2022-04-06T22:50:03,9998,0,9999,0.9998999899989999,0.0
2022-04-06T22:58:41,9998,0,9999,0.9998999899989999,0.0
2022-04-06T23:07:19,9998,0,9999,0.9998999899989999,0.0
2022-04-06T23:15:57,9998,0,9999,0.9998999899989999,0.0
2022-04-06T23:24:35,9998,0,9999,0.9998999899989999,0.0
2022-04-06T23:33:13,9998,0,9999,0.9998999899989999,0.0
2022-04-06T23:41:51,9998,0,9999,0.9998999899989999,0.0
2022-04-06T23:50:28,9998,0,9999,0.9998999899989999,0.0
2022-04-06T23:59:06,9998,0,9999,0.9998999899989999,0.0
2022-04-07T00:07:44,9998,0,9999,0.9998999899989999,0.0
2022-04-07T00:16:32,9998,0,9999,0.9998999899989999,0.0
2022-04-07T00:25:10,9998,0,9999,0.9998999899989999,0.0
2022-04-07T00:33:48,9998,0,9999,0.9998999899989999,0.0
2022-04-07T00:42:27,9998,0,9999,0.9998999899989999,0.0
2022-04-07T00:51:05,9998,0,9999,0.9998999899989999,0.0
2022-04-07T00:59:43,9998,0,9999,0.9998999899989999,0.0
2022-04-07T01:08:21,9998,0,9999,0.9998999899989999,0.0
2022-04-07T01:17:00,9998,0,9999,0.9998999899989999,0.0
2022-04-07T01:25:37,9998,0,9999,0.9998999899989999,0.0
2022-04-07T01:34:16,9998,0,9999,0.9998999899989999,0.0
2022-04-07T01:42:54,9998,0,9999,0.9998999899989999,0.0
2022-04-07T01:51:32,9998,0,9999,0.9998999899989999,0.0
2022-04-07T02:00:10,9998,0,9999,0.9998999899989999,0.0
2022-04-07T02:08:48,9998,0,9999,0.9998999899989999,0.0
2022-04-07T02:17:26,9998,0,9999,0.9998999899989999,0.0
2022-04-07T02:26:13,9998,0,9999,0.9998999899989999,0.0
2022-04-07T02:34:50,9998,0,9999,0.9998999899989999,0.0
2022-04-07T02:43:28,9998,0,9999,0.9998999899989999,0.0
2022-04-07T02:52:06,9998,0,9999,0.9998999899989999,0.0
2022-04-07T03:00:45,9998,0,9999,0.9998999899989999,0.0
2022-04-07T03:09:24,9998,0,9999,0.9998999899989999,0.0
2022-04-07T03:18:02,9998,0,9999,0.9998999899989999,0.0
2022-04-07T03:26:40,9998,0,9999,0.9998999899989999,0.0
2022-04-07T03:35:19,9998,0,9999,0.9998999899989999,0.0
2022-04-07T03:43:57,9998,0,9999,0.9998999899989999,0.0
2022-04-07T03:52:35,9998,0,9999,0.9998999899989999,0.0
2022-04-07T04:01:13,9998,0,9999,0.9998999899989999,0.0
2022-04-07T04:09:52,9998,0,9999,0.9998999899989999,0.0
2022-04-07T04:33:55,9998,0,9999,0.9998999899989999,0.0
2022-04-07T04:42:34,9998,0,9999,0.9998999899989999,0.0
2022-04-07T04:51:13,9998,0,9999,0.9998999899989999,0.0
2022-04-07T04:59:51,9998,0,9999,0.9998999899989999,0.0
2022-04-07T05:08:31,9998,0,9999,0.9998999899989999,0.0
2022-04-07T05:17:09,9998,0,9999,0.9998999899989999,0.0
2022-04-07T05:25:48,9998,0,9999,0.9998999899989999,0.0
2022-04-07T05:34:26,9998,0,9999,0.9998999899989999,0.0
2022-04-07T05:43:05,9998,0,9999,0.9998999899989999,0.0
2022-04-07T05:51:43,9998,0,9999,0.9998999899989999,0.0
2022-04-07T06:00:22,9998,0,9999,0.9998999899989999,0.0
2022-04-07T06:09:00,9998,0,9999,0.9998999899989999,0.0
2022-04-07T06:17:39,9998,0,9999,0.9998999899989999,0.0
2022-04-07T06:26:17,9998,0,9999,0.9998999899989999,0.0
2022-04-07T06:34:56,9998,0,9999,0.9998999899989999,0.0
2022-04-07T06:43:37,9998,0,9999,0.9998999899989999,0.0
2022-04-07T06:52:14,9998,0,9999,0.9998999899989999,0.0
2022-04-07T07:00:52,9998,0,9999,0.9998999899989999,0.0
2022-04-07T07:09:30,9998,0,9999,0.9998999899989999,0.0
2022-04-07T07:18:08,9998,0,9999,0.9998999899989999,0.0
2022-04-07T07:26:46,9998,0,9999,0.9998999899989999,0.0
2022-04-07T07:35:24,9998,0,9999,0.9998999899989999,0.0
2022-04-07T07:44:11,9998,0,9999,0.9998999899989999,0.0
2022-04-07T07:52:49,9998,0,9999,0.9998999899989999,0.0
2022-04-07T08:01:27,9998,0,9999,0.9998999899989999,0.0
2022-04-07T08:10:06,9998,0,9999,0.9998999899989999,0.0
2022-04-07T08:18:44,9998,0,9999,0.9998999899989999,0.0
2022-04-07T08:27:22,9998,0,9999,0.9998999899989999,0.0
2022-04-07T08:36:00,9998,0,9999,0.9998999899989999,0.0
2022-04-07T08:44:38,9998,0,9999,0.9998999899989999,0.0
2022-04-07T08:53:16,9998,0,9999,0.9998999899989999,0.0
2022-04-07T09:01:54,9998,0,9999,0.9998999899989999,0.0
2022-04-07T09:10:32,9998,0,9999,0.9998999899989999,0.0
2022-04-07T09:19:11,9998,0,9999,0.9998999899989999,0.0
2022-04-07T09:27:49,9998,0,9999,0.9998999899989999,0.0
2022-04-07T09:36:27,9998,0,9999,0.9998999899989999,0.0
2022-04-07T09:45:05,9998,0,9999,0.9998999899989999,0.0
2022-04-07T09:53:43,9998,0,9999,0.9998999899989999,0.0
2022-04-07T10:02:33,9998,0,9999,0.9998999899989999,0.0
2022-04-07T10:11:11,9998,0,9999,0.9998999899989999,0.0
2022-04-07T10:19:49,9998,0,9999,0.9998999899989999,0.0
2022-04-07T10:28:27,9998,0,9999,0.9998999899989999,0.0
2022-04-07T10:37:05,9998,0,9999,0.9998999899989999,0.0
2022-04-07T10:45:43,9998,0,9999,0.9998999899989999,0.0
2022-04-07T10:54:22,9998,0,9999,0.9998999899989999,0.0
2022-04-07T11:03:00,9998,0,9999,0.9998999899989999,0.0
2022-04-07T11:11:38,9998,0,9999,0.9998999899989999,0.0
2022-04-07T11:20:16,9998,0,9999,0.9998999899989999,0.0
2022-04-07T11:28:54,9998,0,9999,0.9998999899989999,0.0
2022-04-07T11:37:32,9998,0,9999,0.9998999899989999,0.0
2022-04-07T11:46:11,9998,0,9999,0.9998999899989999,0.0
2022-04-07T11:54:49,9998,0,9999,0.9998999899989999,0.0
2022-04-07T12:03:38,9998,0,9999,0.9998999899989999,0.0
2022-04-07T12:12:16,9998,0,9999,0.9998999899989999,0.0
2022-04-07T12:20:54,9998,0,9999,0.9998999899989999,0.0
2022-04-07T12:29:32,9998,0,9999,0.9998999899989999,0.0
2022-04-07T12:38:10,9998,0,9999,0.9998999899989999,0.0
2022-04-07T12:46:48,9998,0,9999,0.9998999899989999,0.0
2022-04-07T12:55:26,9998,0,9999,0.9998999899989999,0.0
2022-04-07T13:04:04,9998,0,9999,0.9998999899989999,0.0
2022-04-07T13:12:50,9998,0,9999,0.9998999899989999,0.0
2022-04-07T13:21:29,9998,0,9999,0.9998999899989999,0.0
2022-04-07T13:30:07,9998,0,9999,0.9998999899989999,0.0
2022-04-07T13:38:45,9998,0,9999,0.9998999899989999,0.0
2022-04-07T13:47:23,9998,0,9999,0.9998999899989999,0.0
2022-04-07T13:56:01,9998,0,9999,0.9998999899989999,0.0
2022-04-07T14:04:39,9998,0,9999,0.9998999899989999,0.0
2022-04-07T14:13:17,9998,0,9999,0.9998999899989999,0.0
2022-04-07T14:22:08,9998,0,9999,0.9998999899989999,0.0
2022-04-07T14:30:47,9998,0,9999,0.9998999899989999,0.0
2022-04-07T14:39:26,9998,0,9999,0.9998999899989999,0.0
2022-04-07T14:48:04,9998,0,9999,0.9998999899989999,0.0
2022-04-07T14:56:42,9998,0,9999,0.9998999899989999,0.0
2022-04-07T15:05:20,9998,0,9999,0.9998999899989999,0.0
2022-04-07T15:13:58,9998,0,9999,0.9998999899989999,0.0
2022-04-07T15:22:36,9998,0,9999,0.9998999899989999,0.0
2022-04-07T15:31:15,9998,0,9999,0.9998999899989999,0.0
2022-04-07T15:39:53,9998,0,9999,0.9998999899989999,0.0
2022-04-07T15:48:31,9998,0,9999,0.9998999899989999,0.0
2022-04-07T15:57:09,9998,0,9999,0.9998999899989999,0.0
2022-04-07T16:05:57,9998,0,9999,0.9998999899989999,0.0
2022-04-07T16:14:35,9998,0,9999,0.9998999899989999,0.0
2022-04-07T16:23:13,9998,0,9999,0.9998999899989999,0.0
2022-04-07T16:31:52,9998,0,9999,0.9998999899989999,0.0
2022-04-07T16:40:30,9998,0,9999,0.9998999899989999,0.0
2022-04-07T16:49:08,9998,0,9999,0.9998999899989999,0.0
2022-04-07T16:57:46,9998,0,9999,0.9998999899989999,0.0
2022-04-07T17:06:24,9998,0,9999,0.9998999899989999,0.0
2022-04-07T17:15:02,9998,0,9999,0.9998999899989999,0.0
2022-04-07T17:23:40,9998,0,9999,0.9998999899989999,0.0
2022-04-07T17:32:28,9998,0,9999,0.9998999899989999,0.0
2022-04-07T17:41:06,9998,0,9999,0.9998999899989999,0.0
2022-04-07T17:49:44,9998,0,9999,0.9998999899989999,0.0
2022-04-07T17:58:22,9998,0,9999,0.9998999899989999,0.0
2022-04-07T18:07:00,9998,0,9999,0.9998999899989999,0.0
2022-04-07T18:15:38,9998,0,9999,0.9998999899989999,0.0
2022-04-07T18:24:16,9998,0,9999,0.9998999899989999,0.0
2022-04-07T18:32:54,9998,0,9999,0.9998999899989999,0.0
2022-04-07T18:41:43,9998,0,9999,0.9998999899989999,0.0
2022-04-07T18:50:21,9998,0,9999,0.9998999899989999,0.0
2022-04-07T18:58:59,9998,0,9999,0.9998999899989999,0.0
2022-04-07T19:07:36,9998,0,9999,0.9998999899989999,0.0
2022-04-07T19:16:14,9998,0,9999,0.9998999899989999,0.0
2022-04-07T19:24:52,9998,0,9999,0.9998999899989999,0.0
2022-04-07T19:33:30,9998,0,9999,0.9998999899989999,0.0
2022-04-07T19:42:08,9998,0,9999,0.9998999899989999,0.0
2022-04-07T19:50:46,9998,0,9999,0.9998999899989999,0.0
2022-04-07T19:59:24,9998,0,9999,0.9998999899989999,0.0
2022-04-07T20:08:12,9998,0,9999,0.9998999899989999,0.0
2022-04-07T20:16:50,9998,0,9999,0.9998999899989999,0.0
2022-04-07T20:25:28,9998,0,9999,0.9998999899989999,0.0
2022-04-07T20:34:06,9998,0,9999,0.9998999899989999,0.0
2022-04-07T20:42:44,9998,0,9999,0.9998999899989999,0.0
2022-04-07T20:51:22,9998,0,9999,0.9998999899989999,0.0
2022-04-07T20:59:59,9998,0,9999,0.9998999899989999,0.0
2022-04-07T21:08:37,9998,0,9999,0.9998999899989999,0.0
2022-04-07T21:17:15,9998,0,9999,0.9998999899989999,0.0
2022-04-07T21:25:53,9998,0,9999,0.9998999899989999,0.0
2022-04-07T21:34:31,9998,0,9999,0.9998999899989999,0.0
2022-04-07T21:43:09,9998,0,9999,0.9998999899989999,0.0
2022-04-07T21:51:58,9998,0,9999,0.9998999899989999,0.0
2022-04-07T22:00:35,9998,0,9999,0.9998999899989999,0.0
2022-04-07T22:09:13,9998,0,9999,0.9998999899989999,0.0
2022-04-07T22:17:52,9998,0,9999,0.9998999899989999,0.0
2022-04-07T22:26:30,9998,0,9999,0.9998999899989999,0.0
2022-04-07T22:35:08,9998,0,9999,0.9998999899989999,0.0
2022-04-07T22:43:45,9998,0,9999,0.9998999899989999,0.0
2022-04-07T22:52:24,9998,0,9999,0.9998999899989999,0.0
2022-04-07T23:01:01,9998,0,9999,0.9998999899989999,0.0
2022-04-07T23:09:40,9998,0,9999,0.9998999899989999,0.0
2022-04-07T23:18:18,9998,0,9999,0.9998999899989999,0.0
2022-04-07T23:26:56,9998,0,9999,0.9998999899989999,0.0
2022-04-07T23:35:45,9998,0,9999,0.9998999899989999,0.0
2022-04-07T23:44:22,9998,0,9999,0.9998999899989999,0.0
2022-04-07T23:53:00,9998,0,9999,0.9998999899989999,0.0
2022-04-08T00:01:38,9998,0,9999,0.9998999899989999,0.0
2022-04-08T00:10:16,9998,0,9999,0.9998999899989999,0.0
2022-04-08T00:18:55,9998,0,9999,0.9998999899989999,0.0
2022-04-08T00:27:33,9998,0,9999,0.9998999899989999,0.0
2022-04-08T00:36:12,9998,0,9999,0.9998999899989999,0.0
2022-04-08T00:44:50,9998,0,9999,0.9998999899989999,0.0
2022-04-08T00:53:28,9998,0,9999,0.9998999899989999,0.0
2022-04-08T01:02:06,9998,0,9999,0.9998999899989999,0.0
2022-04-08T01:10:44,9998,0,9999,0.9998999899989999,0.0
2022-04-08T01:19:23,9998,0,9999,0.9998999899989999,0.0
2022-04-08T01:28:01,9998,0,9999,0.9998999899989999,0.0
2022-04-08T01:36:39,9998,0,9999,0.9998999899989999,0.0
2022-04-08T01:45:17,9998,0,9999,0.9998999899989999,0.0
2022-04-08T01:53:55,9998,0,9999,0.9998999899989999,0.0
2022-04-08T02:02:33,9998,0,9999,0.9998999899989999,0.0
2022-04-08T02:11:11,9998,0,9999,0.9998999899989999,0.0
2022-04-08T02:19:49,9998,0,9999,0.9998999899989999,0.0
2022-04-08T02:28:27,9998,0,9999,0.9998999899989999,0.0
2022-04-08T02:37:08,9998,0,9999,0.9998999899989999,0.0
2022-04-08T02:45:46,9998,0,9999,0.9998999899989999,0.0
2022-04-08T02:54:24,9998,0,9999,0.9998999899989999,0.0
2022-04-08T03:03:03,9998,0,9999,0.9998999899989999,0.0
2022-04-08T03:11:42,9998,0,9999,0.9998999899989999,0.0
2022-04-08T03:20:21,9998,0,9999,0.9998999899989999,0.0
2022-04-08T03:28:59,9998,0,9999,0.9998999899989999,0.0
2022-04-08T03:37:37,9998,0,9999,0.9998999899989999,0.0
2022-04-08T03:46:15,9998,0,9999,0.9998999899989999,0.0
2022-04-08T03:54:54,9998,0,9999,0.9998999899989999,0.0
2022-04-08T04:05:42,9998,0,9999,0.9998999899989999,0.0
2022-04-08T04:14:26,9998,0,9999,0.9998999899989999,0.0
2022-04-08T04:35:20,9998,0,9999,0.9998999899989999,0.0
2022-04-08T04:44:00,9998,0,9999,0.9998999899989999,0.0
2022-04-08T04:52:40,9998,0,9999,0.9998999899989999,0.0
2022-04-08T05:01:21,9998,0,9999,0.9998999899989999,0.0
2022-04-08T05:10:03,9998,0,9999,0.9998999899989999,0.0
2022-04-08T05:18:43,9998,0,9999,0.9998999899989999,0.0
2022-04-08T05:27:24,9998,0,9999,0.9998999899989999,0.0
2022-04-08T05:36:04,9998,0,9999,0.9998999899989999,0.0
2022-04-08T05:44:44,9998,0,9999,0.9998999899989999,0.0
2022-04-08T05:53:24,9998,0,9999,0.9998999899989999,0.0
2022-04-08T06:02:03,9998,0,9999,0.9998999899989999,0.0
2022-04-08T06:10:42,9998,0,9999,0.9998999899989999,0.0
2022-04-08T06:19:23,9998,0,9999,0.9998999899989999,0.0
2022-04-08T06:28:03,9998,0,9999,0.9998999899989999,0.0
2022-04-08T06:36:42,9998,0,9999,0.9998999899989999,0.0
2022-04-08T06:45:22,9998,0,9999,0.9998999899989999,0.0
2022-04-08T06:54:01,9998,0,9999,0.9998999899989999,0.0
2022-04-08T07:02:40,9998,0,9999,0.9998999899989999,0.0
2022-04-08T07:11:19,9998,0,9999,0.9998999899989999,0.0
2022-04-08T07:19:58,9998,0,9999,0.9998999899989999,0.0
2022-04-08T07:28:37,9998,0,9999,0.9998999899989999,0.0
2022-04-08T07:37:16,9998,0,9999,0.9998999899989999,0.0
2022-04-08T07:45:55,9998,0,9999,0.9998999899989999,0.0
2022-04-08T07:54:34,9998,0,9999,0.9998999899989999,0.0
2022-04-08T08:03:12,9998,0,9999,0.9998999899989999,0.0
2022-04-08T08:11:51,9998,0,9999,0.9998999899989999,0.0
2022-04-08T08:20:29,9998,0,9999,0.9998999899989999,0.0
2022-04-08T08:29:07,9998,0,9999,0.9998999899989999,0.0
2022-04-08T08:37:45,9998,0,9999,0.9998999899989999,0.0
2022-04-08T08:46:23,9998,0,9999,0.9998999899989999,0.0
2022-04-08T08:55:13,9998,0,9999,0.9998999899989999,0.0
2022-04-08T09:03:51,9998,0,9999,0.9998999899989999,0.0
2022-04-08T09:12:29,9998,0,9999,0.9998999899989999,0.0
2022-04-08T09:21:07,9998,0,9999,0.9998999899989999,0.0
2022-04-08T09:29:47,9998,0,9999,0.9998999899989999,0.0
2022-04-08T09:38:26,9998,0,9999,0.9998999899989999,0.0
2022-04-08T09:47:05,9998,0,9999,0.9998999899989999,0.0
2022-04-08T09:55:43,9998,0,9999,0.9998999899989999,0.0
2022-04-08T10:04:22,9998,0,9999,0.9998999899989999,0.0
2022-04-08T10:13:00,9998,0,9999,0.9998999899989999,0.0
2022-04-08T10:21:38,9998,0,9999,0.9998999899989999,0.0
2022-04-08T10:30:17,9998,0,9999,0.9998999899989999,0.0
2022-04-08T10:39:05,9998,0,9999,0.9998999899989999,0.0
2022-04-08T10:47:43,9998,0,9999,0.9998999899989999,0.0
2022-04-08T10:56:21,9998,0,9999,0.9998999899989999,0.0
2022-04-08T11:04:59,9998,0,9999,0.9998999899989999,0.0
2022-04-08T11:13:38,9998,0,9999,0.9998999899989999,0.0
2022-04-08T11:22:16,9998,0,9999,0.9998999899989999,0.0
2022-04-08T11:30:54,9998,0,9999,0.9998999899989999,0.0
2022-04-08T11:39:32,9998,0,9999,0.9998999899989999,0.0
2022-04-08T11:48:10,9998,0,9999,0.9998999899989999,0.0
2022-04-08T11:56:48,9998,0,9999,0.9998999899989999,0.0
2022-04-08T12:05:36,9998,0,9999,0.9998999899989999,0.0
2022-04-08T12:14:14,9998,0,9999,0.9998999899989999,0.0
2022-04-08T12:22:53,9998,0,9999,0.9998999899989999,0.0
2022-04-08T12:31:31,9998,0,9999,0.9998999899989999,0.0
2022-04-08T12:40:09,9998,0,9999,0.9998999899989999,0.0
2022-04-08T12:48:47,9998,0,9999,0.9998999899989999,0.0
2022-04-08T12:57:25,9998,0,9999,0.9998999899989999,0.0
2022-04-08T13:06:03,9998,0,9999,0.9998999899989999,0.0
2022-04-08T13:14:41,9998,0,9999,0.9998999899989999,0.0
2022-04-08T13:23:29,9998,0,9999,0.9998999899989999,0.0
2022-04-08T13:32:07,9998,0,9999,0.9998999899989999,0.0
2022-04-08T13:40:45,9998,0,9999,0.9998999899989999,0.0
2022-04-08T13:49:23,9998,0,9999,0.9998999899989999,0.0
2022-04-08T13:58:01,9998,0,9999,0.9998999899989999,0.0
2022-04-08T14:06:39,9998,0,9999,0.9998999899989999,0.0
2022-04-08T14:15:17,9998,0,9999,0.9998999899989999,0.0
2022-04-08T14:24:03,9998,0,9999,0.9998999899989999,0.0
2022-04-08T14:32:41,9998,0,9999,0.9998999899989999,0.0
2022-04-08T14:41:19,9998,0,9999,0.9998999899989999,0.0
2022-04-08T14:49:57,9998,0,9999,0.9998999899989999,0.0
2022-04-08T14:58:35,9998,0,9999,0.9998999899989999,0.0
2022-04-08T15:07:13,9998,0,9999,0.9998999899989999,0.0
2022-04-08T15:15:51,9998,0,9999,0.9998999899989999,0.0
2022-04-08T15:24:29,9998,0,9999,0.9998999899989999,0.0
2022-04-08T15:33:07,9998,0,9999,0.9998999899989999,0.0
2022-04-08T15:41:45,9998,0,9999,0.9998999899989999,0.0
2022-04-08T15:50:23,9998,0,9999,0.9998999899989999,0.0
2022-04-08T15:59:01,9998,0,9999,0.9998999899989999,0.0
2022-04-08T16:07:39,9998,0,9999,0.9998999899989999,0.0
2022-04-08T16:16:26,9998,0,9999,0.9998999899989999,0.0
2022-04-08T16:25:04,9998,0,9999,0.9998999899989999,0.0
2022-04-08T16:33:42,9998,0,9999,0.9998999899989999,0.0
2022-04-08T16:42:20,9998,0,9999,0.9998999899989999,0.0
2022-04-08T16:50:58,9998,0,9999,0.9998999899989999,0.0
2022-04-08T16:59:36,9998,0,9999,0.9998999899989999,0.0
2022-04-08T17:08:14,9998,0,9999,0.9998999899989999,0.0
2022-04-08T17:16:52,9998,0,9999,0.9998999899989999,0.0
2022-04-08T17:25:29,9998,0,9999,0.9998999899989999,0.0
2022-04-08T17:34:07,9998,0,9999,0.9998999899989999,0.0
2022-04-08T17:42:45,9998,0,9999,0.9998999899989999,0.0
2022-04-08T17:51:23,9998,0,9999,0.9998999899989999,0.0
2022-04-08T18:00:01,9998,0,9999,0.9998999899989999,0.0
2022-04-08T18:08:39,9998,0,9999,0.9998999899989999,0.0
2022-04-08T18:17:25,9998,0,9999,0.9998999899989999,0.0
2022-04-08T18:26:03,9998,0,9999,0.9998999899989999,0.0
2022-04-08T18:34:41,9998,0,9999,0.9998999899989999,0.0
2022-04-08T18:43:19,9998,0,9999,0.9998999899989999,0.0
2022-04-08T18:51:57,9998,0,9999,0.9998999899989999,0.0
2022-04-08T19:00:35,9998,0,9999,0.9998999899989999,0.0
2022-04-08T19:09:12,9998,0,9999,0.9998999899989999,0.0
2022-04-08T19:17:50,9998,0,9999,0.9998999899989999,0.0
2022-04-08T19:26:28,9998,0,9999,0.9998999899989999,0.0
2022-04-08T19:35:06,9998,0,9999,0.9998999899989999,0.0
2022-04-08T19:43:44,9998,0,9999,0.9998999899989999,0.0
2022-04-08T19:52:21,9998,0,9999,0.9998999899989999,0.0
2022-04-08T20:00:59,9998,0,9999,0.9998999899989999,0.0
2022-04-08T20:09:37,9998,0,9999,0.9998999899989999,0.0
2022-04-08T20:18:15,9998,0,9999,0.9998999899989999,0.0
2022-04-08T20:26:53,9998,0,9999,0.9998999899989999,0.0
2022-04-08T20:35:31,9998,0,9999,0.9998999899989999,0.0
2022-04-08T20:44:19,9998,0,9999,0.9998999899989999,0.0
2022-04-08T20:52:57,9998,0,9999,0.9998999899989999,0.0
2022-04-08T21:01:34,9998,0,9999,0.9998999899989999,0.0
2022-04-08T21:10:12,9998,0,9999,0.9998999899989999,0.0
2022-04-08T21:18:50,9998,0,9999,0.9998999899989999,0.0
2022-04-08T21:27:28,9998,0,9999,0.9998999899989999,0.0
2022-04-08T21:36:06,9998,0,9999,0.9998999899989999,0.0
2022-04-08T21:44:43,9998,0,9999,0.9998999899989999,0.0
2022-04-08T21:53:21,9998,0,9999,0.9998999899989999,0.0
2022-04-08T22:01:59,9998,0,9999,0.9998999899989999,0.0
2022-04-08T22:10:37,9998,0,9999,0.9998999899989999,0.0
