time,enrolled,available,waitlisted,total
2022-05-18T04:39:35,0,189,0,189
2022-05-18T04:49:45,0,189,0,189
2022-05-18T04:59:55,0,189,0,189
2022-05-18T05:10:06,0,189,0,189
2022-05-18T05:20:16,0,189,0,189
2022-05-18T05:30:28,0,189,0,189
2022-05-18T05:40:37,0,189,0,189
2022-05-18T05:50:47,0,189,0,189
2022-05-18T06:00:58,0,189,0,189
2022-05-18T06:11:10,0,189,0,189
2022-05-18T06:21:18,0,189,0,189
2022-05-18T06:31:27,0,189,0,189
2022-05-18T06:41:34,0,189,0,189
2022-05-18T06:51:42,0,189,0,189
2022-05-18T07:01:49,0,189,0,189
2022-05-18T07:11:59,0,189,0,189
2022-05-18T07:22:07,0,189,0,189
2022-05-18T07:32:14,0,189,0,189
2022-05-18T07:42:22,0,189,0,189
2022-05-18T07:52:30,0,189,0,189
2022-05-18T08:02:38,0,189,0,189
2022-05-18T08:12:46,0,189,0,189
2022-05-18T08:22:54,0,189,0,189
2022-05-18T08:33:03,0,189,0,189
2022-05-18T08:43:13,0,189,0,189
2022-05-18T08:53:22,0,189,0,189
2022-05-18T09:03:31,0,189,0,189
2022-05-18T09:13:52,0,189,0,189
2022-05-18T09:24:01,0,189,0,189
2022-05-18T09:34:10,0,189,0,189
2022-05-18T09:44:19,0,189,0,189
2022-05-18T09:54:29,0,189,0,189
2022-05-18T10:04:40,0,189,0,189
2022-05-18T10:14:52,0,189,0,189
2022-05-18T10:25:03,0,189,0,189
2022-05-18T10:35:13,0,189,0,189
2022-05-18T10:45:35,0,189,0,189
2022-05-18T10:55:45,0,189,0,189
2022-05-18T11:05:56,0,189,0,189
2022-05-18T11:16:05,0,189,0,189
2022-05-18T11:26:14,0,189,0,189
2022-05-18T11:36:23,0,189,0,189
2022-05-18T11:46:32,0,189,0,189
2022-05-18T11:56:51,0,189,0,189
2022-05-18T12:06:59,0,189,0,189
2022-05-18T12:17:08,0,189,0,189
2022-05-18T12:27:18,0,189,0,189
2022-05-18T12:37:28,0,189,0,189
2022-05-18T12:47:38,0,189,0,189
2022-05-18T12:57:49,0,189,0,189
2022-05-18T13:07:59,0,189,0,189
2022-05-18T13:18:20,0,189,0,189
2022-05-18T13:28:30,0,189,0,189
2022-05-18T13:38:41,0,189,0,189
2022-05-18T13:48:51,0,189,0,189
2022-05-18T13:59:02,0,189,0,189
2022-05-18T14:09:13,0,189,0,189
2022-05-18T14:19:23,0,189,0,189
2022-05-18T14:29:45,0,189,0,189
2022-05-18T14:39:55,0,189,0,189
2022-05-18T14:50:05,0,189,0,189
2022-05-18T15:00:16,0,189,0,189
2022-05-18T15:10:28,0,189,0,189
2022-05-18T15:20:39,0,189,0,189
2022-05-18T15:30:49,0,189,0,189
2022-05-18T15:41:10,0,189,0,189
2022-05-18T15:51:21,0,189,0,189
2022-05-18T16:01:32,0,189,0,189
2022-05-18T16:11:43,0,189,0,189
2022-05-18T16:21:54,0,189,0,189
2022-05-18T16:32:04,0,189,0,189
2022-05-18T16:42:14,0,189,0,189
2022-05-18T16:52:23,0,189,0,189
2022-05-18T17:02:44,0,189,0,189
2022-05-18T17:12:54,0,189,0,189
2022-05-18T17:23:04,0,189,0,189
2022-05-18T17:33:13,0,189,0,189
2022-05-18T17:43:22,0,189,0,189
2022-05-18T17:53:32,0,189,0,189
2022-05-18T18:03:41,0,189,0,189
2022-05-18T18:13:50,0,189,0,189
2022-05-18T18:24:01,0,189,0,189
2022-05-18T18:34:21,0,189,0,189
2022-05-18T18:44:30,0,189,0,189
2022-05-18T18:54:39,0,189,0,189
2022-05-18T19:04:48,0,189,0,189
2022-05-18T19:14:56,0,189,0,189
2022-05-18T19:25:06,0,189,0,189
2022-05-18T19:35:15,0,189,0,189
2022-05-18T19:45:24,0,189,0,189
2022-05-18T19:55:33,0,189,0,189
2022-05-18T20:05:42,0,189,0,189
2022-05-18T20:16:02,0,189,0,189
2022-05-18T20:26:10,0,189,0,189
2022-05-18T20:36:19,0,189,0,189
2022-05-18T20:46:28,0,189,0,189
2022-05-18T20:56:37,0,189,0,189
2022-05-18T21:06:47,0,189,0,189
2022-05-18T21:16:56,0,189,0,189
2022-05-18T21:27:05,0,189,0,189
2022-05-18T21:37:14,0,189,0,189
2022-05-18T21:47:23,0,189,0,189
2022-05-18T21:57:42,0,189,0,189
2022-05-18T22:07:51,0,189,0,189
2022-05-18T22:18:00,0,189,0,189
2022-05-18T22:28:09,0,189,0,189
2022-05-18T22:38:18,0,189,0,189
2022-05-18T22:48:26,0,189,0,189
2022-05-18T22:58:36,0,189,0,189
2022-05-18T23:08:45,0,189,0,189
2022-05-18T23:18:55,0,189,0,189
2022-05-18T23:29:08,0,189,0,189
2022-05-18T23:39:28,0,189,0,189
2022-05-18T23:49:37,0,189,0,189
2022-05-18T23:59:45,0,189,0,189
2022-05-19T00:09:57,0,189,0,189
2022-05-19T00:20:09,0,189,0,189
2022-05-19T00:30:22,0,189,0,189
2022-05-19T00:40:39,0,189,0,189
2022-05-19T00:50:50,0,189,0,189
2022-05-19T01:01:00,0,189,0,189
2022-05-19T01:11:10,0,189,0,189
2022-05-19T01:21:20,0,189,0,189
2022-05-19T01:31:29,0,189,0,189
2022-05-19T01:41:39,0,189,0,189
2022-05-19T01:51:49,0,189,0,189
2022-05-19T02:02:09,0,189,0,189
2022-05-19T02:12:19,0,189,0,189
2022-05-19T02:22:28,0,189,0,189
2022-05-19T02:32:36,0,189,0,189
2022-05-19T02:42:44,0,189,0,189
2022-05-19T02:52:52,0,189,0,189
2022-05-19T03:03:00,0,189,0,189
2022-05-19T03:13:10,0,189,0,189
2022-05-19T03:23:30,0,189,0,189
2022-05-19T03:33:42,0,189,0,189
2022-05-19T03:43:52,0,189,0,189
2022-05-19T03:54:03,0,189,0,189
2022-05-19T04:04:14,0,189,0,189
2022-05-19T04:31:33,0,189,0,189
2022-05-19T04:41:59,0,189,0,189
2022-05-19T04:52:11,0,189,0,189
2022-05-19T05:02:23,0,189,0,189
2022-05-19T05:12:35,0,189,0,189
2022-05-19T05:22:46,0,189,0,189
2022-05-19T05:32:57,0,189,0,189
2022-05-19T05:43:07,0,189,0,189
2022-05-19T05:53:18,0,189,0,189
2022-05-19T06:03:29,0,189,0,189
2022-05-19T06:13:40,0,189,0,189
2022-05-19T06:23:51,0,189,0,189
2022-05-19T06:34:02,0,189,0,189
2022-05-19T06:44:13,0,189,0,189
2022-05-19T06:54:24,0,189,0,189
2022-05-19T07:04:37,0,189,0,189
2022-05-19T07:14:48,0,189,0,189
2022-05-19T07:24:58,0,189,0,189
2022-05-19T07:35:07,0,189,0,189
2022-05-19T07:45:17,0,189,0,189
2022-05-19T07:55:26,0,189,0,189
2022-05-19T08:05:35,0,189,0,189
2022-05-19T08:15:44,0,189,0,189
2022-05-19T08:25:53,0,189,0,189
2022-05-19T08:36:03,0,189,0,189
2022-05-19T08:46:15,0,189,0,189
2022-05-19T08:56:25,0,189,0,189
2022-05-19T09:06:52,0,189,0,189
2022-05-19T09:17:02,0,189,0,189
2022-05-19T09:27:12,0,189,0,189
2022-05-19T09:37:23,0,189,0,189
2022-05-19T09:47:35,0,189,0,189
2022-05-19T09:57:46,0,189,0,189
2022-05-19T10:07:57,0,189,0,189
2022-05-19T10:18:09,0,189,0,189
2022-05-19T10:28:21,0,189,0,189
2022-05-19T10:38:38,0,189,0,189
2022-05-19T10:48:51,0,189,0,189
2022-05-19T10:59:03,0,189,0,189
2022-05-19T11:09:17,0,189,0,189
2022-05-19T11:19:43,0,189,0,189
2022-05-19T11:29:56,0,189,0,189
2022-05-19T11:40:08,0,189,0,189
2022-05-19T11:50:20,0,189,0,189
2022-05-19T12:00:32,0,189,0,189
2022-05-19T12:10:44,0,189,0,189
2022-05-19T12:20:56,0,189,0,189
2022-05-19T12:31:08,0,189,0,189
2022-05-19T12:41:41,0,189,0,189
2022-05-19T12:51:55,0,189,0,189
2022-05-19T13:02:09,0,189,0,189
2022-05-19T13:12:23,0,189,0,189
2022-05-19T13:22:38,0,189,0,189
2022-05-19T13:32:52,0,189,0,189
2022-05-19T13:43:06,0,189,0,189
2022-05-19T13:53:31,0,189,0,189
2022-05-19T14:03:46,0,189,0,189
2022-05-19T14:14:02,0,189,0,189
2022-05-19T14:24:17,0,189,0,189
2022-05-19T14:34:34,0,189,0,189
2022-05-19T14:44:51,0,189,0,189
2022-05-19T14:55:08,0,189,0,189
2022-05-19T15:05:44,0,189,0,189
2022-05-19T15:16:01,0,189,0,189
2022-05-19T15:26:18,0,189,0,189
2022-05-19T15:36:37,0,189,0,189
2022-05-19T15:46:56,0,189,0,189
2022-05-19T15:57:14,0,189,0,189
2022-05-19T16:07:32,0,189,0,189
2022-05-19T16:17:50,0,189,0,189
2022-05-19T16:28:08,0,189,0,189
2022-05-19T16:38:39,0,189,0,189
2022-05-19T16:48:56,0,189,0,189
2022-05-19T16:59:13,0,189,0,189
2022-05-19T17:09:31,0,189,0,189
2022-05-19T17:19:48,0,189,0,189
2022-05-19T17:30:04,0,189,0,189
2022-05-19T17:40:20,0,189,0,189
2022-05-19T17:50:36,0,189,0,189
2022-05-19T18:01:11,0,189,0,189
2022-05-19T18:11:27,0,189,0,189
2022-05-19T18:21:42,0,189,0,189
2022-05-19T18:31:58,0,189,0,189
2022-05-19T18:42:13,0,189,0,189
2022-05-19T18:52:30,0,189,0,189
2022-05-19T19:02:53,0,189,0,189
2022-05-19T19:13:18,0,189,0,189
2022-05-19T19:23:56,0,189,0,189
2022-05-19T19:34:24,0,189,0,189
2022-05-19T19:44:54,0,189,0,189
2022-05-19T19:55:18,0,189,0,189
2022-05-19T20:05:46,0,189,0,189
2022-05-19T20:16:10,0,189,0,189
2022-05-19T20:26:39,0,189,0,189
2022-05-19T20:36:55,0,189,0,189
2022-05-19T20:47:14,0,189,0,189
2022-05-19T20:57:36,0,189,0,189
2022-05-19T21:08:00,0,189,0,189
2022-05-19T21:18:22,0,189,0,189
2022-05-19T21:28:45,0,189,0,189
2022-05-19T21:39:07,0,189,0,189
2022-05-19T21:49:30,0,189,0,189
2022-05-19T22:00:02,0,189,0,189
2022-05-19T22:10:25,0,189,0,189
2022-05-19T22:20:44,0,189,0,189
2022-05-19T22:31:02,0,189,0,189
2022-05-19T22:41:20,0,189,0,189
2022-05-19T22:51:34,0,189,0,189
2022-05-19T23:01:48,0,189,0,189
2022-05-19T23:12:03,0,189,0,189
2022-05-19T23:22:20,0,189,0,189
2022-05-19T23:32:58,0,189,0,189
2022-05-19T23:43:13,0,189,0,189
2022-05-19T23:53:27,0,189,0,189
2022-05-20T00:03:44,27,162,0,189
2022-05-20T00:14:04,47,142,0,189
2022-05-20T00:24:19,58,131,0,189
2022-05-20T00:34:34,60,129,0,189
2022-05-20T00:44:50,63,126,0,189
2022-05-20T00:55:06,65,124,0,189
2022-05-20T01:05:23,71,118,0,189
2022-05-20T01:15:39,71,118,0,189
2022-05-20T01:26:05,72,117,0,189
2022-05-20T01:36:19,72,117,0,189
2022-05-20T01:46:33,72,117,0,189
2022-05-20T01:56:49,74,115,0,189
2022-05-20T02:07:03,75,114,0,189
2022-05-20T02:17:19,77,112,0,189
2022-05-20T02:27:42,78,111,0,189
2022-05-20T02:37:58,79,110,0,189
2022-05-20T02:48:12,79,110,0,189
2022-05-20T02:58:27,80,109,0,189
2022-05-20T03:08:42,81,108,0,189
2022-05-20T03:18:55,81,108,0,189
2022-05-20T03:29:09,81,108,0,189
2022-05-20T03:39:24,81,108,0,189
2022-05-20T03:49:39,82,107,0,189
2022-05-20T03:59:55,82,107,0,189
2022-05-20T04:36:14,83,106,0,189
2022-05-20T04:46:31,83,106,0,189
2022-05-20T04:56:47,83,106,0,189
2022-05-20T05:07:04,83,106,0,189
2022-05-20T05:17:19,83,106,0,189
2022-05-20T05:27:34,83,106,0,189
2022-05-20T05:37:50,84,105,0,189
2022-05-20T05:48:06,84,105,0,189
2022-05-20T05:58:21,84,105,0,189
2022-05-20T06:08:37,84,105,0,189
2022-05-20T06:18:51,86,103,0,189
2022-05-20T06:29:08,86,103,0,189
2022-05-20T06:39:22,86,103,0,189
2022-05-20T06:49:35,86,103,0,189
2022-05-20T06:59:49,86,103,0,189
2022-05-20T07:10:05,86,103,0,189
2022-05-20T07:20:19,87,102,0,189
2022-05-20T07:30:33,87,102,0,189
2022-05-20T07:40:47,88,101,0,189
2022-05-20T07:51:01,89,100,0,189
2022-05-20T08:01:15,89,100,0,189
2022-05-20T08:11:29,89,100,0,189
2022-05-20T08:21:44,89,100,0,189
2022-05-20T08:32:00,89,100,0,189
2022-05-20T08:42:14,89,100,0,189
2022-05-20T08:52:29,90,99,0,189
2022-05-20T09:02:44,90,99,0,189
2022-05-20T09:13:11,90,99,0,189
2022-05-20T09:23:27,92,97,0,189
2022-05-20T09:33:43,93,96,0,189
2022-05-20T09:43:59,94,95,0,189
2022-05-20T09:54:15,94,95,0,189
2022-05-20T10:04:32,97,92,0,189
2022-05-20T10:14:48,98,91,0,189
2022-05-20T10:25:03,99,90,0,189
2022-05-20T10:35:19,101,88,0,189
2022-05-20T10:45:35,101,88,0,189
2022-05-20T10:56:04,101,88,0,189
2022-05-20T11:06:20,110,79,0,189
2022-05-20T11:16:36,119,70,0,189
2022-05-20T11:26:52,120,69,0,189
2022-05-20T11:37:08,121,68,0,189
2022-05-20T11:47:24,121,68,0,189
2022-05-20T11:57:54,123,66,0,189
2022-05-20T12:08:10,125,64,0,189
2022-05-20T12:18:25,126,63,0,189
2022-05-20T12:28:40,126,63,0,189
2022-05-20T12:38:56,127,62,0,189
2022-05-20T12:49:11,128,61,0,189
2022-05-20T12:59:27,129,60,0,189
2022-05-20T13:09:54,131,58,0,189
2022-05-20T13:20:10,131,58,0,189
2022-05-20T13:30:27,133,56,0,189
2022-05-20T13:40:44,133,56,0,189
2022-05-20T13:50:59,134,55,0,189
2022-05-20T14:01:15,134,55,0,189
2022-05-20T14:11:41,135,54,0,189
2022-05-20T14:21:57,136,53,0,189
2022-05-20T14:32:13,136,53,0,189
2022-05-20T14:42:28,136,53,0,189
2022-05-20T14:52:43,137,52,0,189
2022-05-20T15:02:59,139,50,0,189
2022-05-20T15:13:25,139,50,0,189
2022-05-20T15:23:40,139,50,0,189
2022-05-20T15:33:56,139,50,0,189
2022-05-20T15:44:10,139,50,0,189
2022-05-20T15:54:25,140,49,0,189
2022-05-20T16:04:40,141,48,0,189
2022-05-20T16:14:55,141,48,0,189
2022-05-20T16:25:21,142,47,0,189
2022-05-20T16:35:35,142,47,0,189
2022-05-20T16:45:49,143,46,0,189
2022-05-20T16:56:04,147,42,0,189
2022-05-20T17:06:18,149,40,0,189
2022-05-20T17:16:33,150,39,0,189
2022-05-20T17:26:46,150,39,0,189
2022-05-20T17:37:00,151,38,0,189
2022-05-20T17:47:14,151,38,0,189
2022-05-20T17:57:28,151,38,0,189
2022-05-20T18:07:42,151,38,0,189
2022-05-20T18:18:05,151,38,0,189
2022-05-20T18:28:19,154,35,0,189
2022-05-20T18:38:32,154,35,0,189
2022-05-20T18:48:45,154,35,0,189
2022-05-20T18:58:59,154,35,0,189
2022-05-20T19:09:13,154,35,0,189
2022-05-20T19:19:27,154,35,0,189
2022-05-20T19:29:41,154,35,0,189
2022-05-20T19:39:56,154,35,0,189
2022-05-20T19:50:09,154,35,0,189
2022-05-20T20:00:32,154,35,0,189
2022-05-20T20:10:46,154,35,0,189
2022-05-20T20:21:00,154,35,0,189
2022-05-20T20:31:13,154,35,0,189
2022-05-20T20:41:27,154,35,0,189
2022-05-20T20:51:40,156,33,0,189
2022-05-20T21:01:54,156,33,0,189
2022-05-20T21:12:08,156,33,0,189
2022-05-20T21:22:21,156,33,0,189
2022-05-20T21:32:45,156,33,0,189
2022-05-20T21:42:59,156,33,0,189
2022-05-20T21:53:13,156,33,0,189
2022-05-20T22:03:27,157,32,0,189
2022-05-20T22:13:40,157,32,0,189
2022-05-20T22:23:56,158,31,0,189
2022-05-20T22:34:09,158,31,0,189
2022-05-20T22:44:22,159,30,0,189
2022-05-20T22:54:36,159,30,0,189
2022-05-20T23:04:50,160,29,0,189
2022-05-20T23:15:15,160,29,0,189
2022-05-20T23:25:28,160,29,0,189
2022-05-20T23:35:42,161,28,0,189
2022-05-20T23:45:55,161,28,0,189
2022-05-20T23:56:09,164,25,0,189
2022-05-21T00:06:24,164,25,0,189
2022-05-21T00:16:40,165,24,0,189
2022-05-21T00:26:56,165,24,0,189
2022-05-21T00:37:12,165,24,0,189
2022-05-21T00:47:27,165,24,0,189
2022-05-21T00:57:43,165,24,0,189
2022-05-21T01:07:58,165,24,0,189
2022-05-21T01:18:14,165,24,0,189
2022-05-21T01:28:28,165,24,0,189
2022-05-21T01:38:44,165,24,0,189
2022-05-21T01:48:59,165,24,0,189
2022-05-21T01:59:23,165,24,0,189
2022-05-21T02:09:37,165,24,0,189
2022-05-21T02:19:51,165,24,0,189
2022-05-21T02:30:04,166,23,0,189
2022-05-21T02:40:17,166,23,0,189
2022-05-21T02:50:30,166,23,0,189
2022-05-21T03:00:43,167,22,0,189
2022-05-21T03:10:56,167,22,0,189
2022-05-21T03:21:16,167,22,0,189
2022-05-21T03:31:30,167,22,0,189
2022-05-21T03:41:46,167,22,0,189
2022-05-21T03:52:02,168,21,0,189
2022-05-21T04:02:17,168,21,0,189
2022-05-21T04:27:53,169,20,0,189
2022-05-21T04:39:18,169,20,0,189
2022-05-21T04:49:50,169,20,0,189
2022-05-21T05:00:06,169,20,0,189
2022-05-21T05:10:21,169,20,0,189
2022-05-21T05:20:37,169,20,0,189
2022-05-21T05:30:53,169,20,0,189
2022-05-21T05:41:09,169,20,0,189
2022-05-21T05:51:25,169,20,0,189
2022-05-21T06:01:40,169,20,0,189
2022-05-21T06:11:55,169,20,0,189
2022-05-21T06:22:12,169,20,0,189
2022-05-21T06:32:27,169,20,0,189
2022-05-21T06:42:42,169,20,0,189
2022-05-21T06:52:58,169,20,0,189
2022-05-21T07:03:13,169,20,0,189
2022-05-21T07:13:29,169,20,0,189
2022-05-21T07:23:44,169,20,0,189
2022-05-21T07:33:59,169,20,0,189
2022-05-21T07:44:14,169,20,0,189
2022-05-21T07:54:28,169,20,0,189
2022-05-21T08:04:43,169,20,0,189
2022-05-21T08:15:00,169,20,0,189
2022-05-21T08:25:14,169,20,0,189
2022-05-21T08:35:29,169,20,0,189
2022-05-21T08:45:44,169,20,0,189
2022-05-21T08:56:20,169,20,0,189
2022-05-21T09:06:34,169,20,0,189
2022-05-21T09:16:46,169,20,0,189
2022-05-21T09:26:59,169,20,0,189
2022-05-21T09:37:12,169,20,0,189
2022-05-21T09:47:26,169,20,0,189
2022-05-21T09:57:39,169,20,0,189
2022-05-21T10:07:52,169,20,0,189
2022-05-21T10:18:06,169,20,0,189
2022-05-21T10:28:19,169,20,0,189
2022-05-21T10:38:32,169,20,0,189
2022-05-21T10:48:45,169,20,0,189
2022-05-21T10:58:58,169,20,0,189
2022-05-21T11:09:12,169,20,0,189
2022-05-21T11:19:36,169,20,0,189
2022-05-21T11:29:51,169,20,0,189
2022-05-21T11:40:04,169,20,0,189
2022-05-21T11:50:18,169,20,0,189
2022-05-21T12:00:31,170,19,0,189
2022-05-21T12:10:46,170,19,0,189
2022-05-21T12:21:00,170,19,0,189
2022-05-21T12:31:13,170,19,0,189
2022-05-21T12:41:46,172,17,0,189
2022-05-21T12:51:59,172,17,0,189
2022-05-21T13:02:13,173,16,0,189
2022-05-21T13:12:27,173,16,0,189
2022-05-21T13:22:40,173,16,0,189
2022-05-21T13:32:54,173,16,0,189
2022-05-21T13:43:07,173,16,0,189
2022-05-21T13:53:20,173,16,0,189
2022-05-21T14:03:34,173,16,0,189
2022-05-21T14:13:57,173,16,0,189
2022-05-21T14:24:10,173,16,0,189
2022-05-21T14:34:24,173,16,0,189
2022-05-21T14:44:38,173,16,0,189
2022-05-21T14:54:53,173,16,0,189
2022-05-21T15:05:07,173,16,0,189
2022-05-21T15:15:20,173,16,0,189
2022-05-21T15:25:43,173,16,0,189
2022-05-21T15:35:58,174,15,0,189
2022-05-21T15:46:11,174,15,0,189
2022-05-21T15:56:25,174,15,0,189
2022-05-21T16:06:38,174,15,0,189
2022-05-21T16:16:51,174,15,0,189
2022-05-21T16:27:05,174,15,0,189
2022-05-21T16:37:18,174,15,0,189
2022-05-21T16:47:32,174,15,0,189
2022-05-21T16:57:45,174,15,0,189
2022-05-21T17:08:17,174,15,0,189
2022-05-21T17:18:31,174,15,0,189
2022-05-21T17:28:45,174,15,0,189
2022-05-21T17:38:58,174,15,0,189
2022-05-21T17:49:12,174,15,0,189
2022-05-21T17:59:25,174,15,0,189
2022-05-21T18:09:38,174,15,0,189
2022-05-21T18:19:52,174,15,0,189
2022-05-21T18:30:06,174,15,0,189
2022-05-21T18:40:19,174,15,0,189
2022-05-21T18:51:00,174,15,0,189
2022-05-21T19:01:14,174,15,0,189
2022-05-21T19:11:27,175,14,0,189
2022-05-21T19:21:40,175,14,0,189
2022-05-21T19:31:54,176,13,0,189
2022-05-21T19:42:08,176,13,0,189
2022-05-21T19:52:23,176,13,0,189
2022-05-21T20:02:37,176,13,0,189
2022-05-21T20:12:51,176,13,0,189
2022-05-21T20:23:04,176,13,0,189
2022-05-21T20:33:29,177,12,0,189
2022-05-21T20:43:43,177,12,0,189
2022-05-21T20:53:56,177,12,0,189
2022-05-21T21:04:10,177,12,0,189
2022-05-21T21:14:23,177,12,0,189
2022-05-21T21:24:36,177,12,0,189
2022-05-21T21:34:50,177,12,0,189
2022-05-21T21:45:04,177,12,0,189
2022-05-21T21:55:17,178,11,0,189
2022-05-21T22:05:30,178,11,0,189
2022-05-21T22:16:06,179,10,0,189
2022-05-21T22:26:20,179,10,0,189
2022-05-21T22:36:33,179,10,0,189
2022-05-21T22:46:46,179,10,0,189
2022-05-21T22:56:59,179,10,0,189
2022-05-21T23:07:13,179,10,0,189
2022-05-21T23:17:26,179,10,0,189
2022-05-21T23:27:40,179,10,0,189
2022-05-21T23:37:52,179,10,0,189
2022-05-21T23:48:05,179,10,0,189
2022-05-21T23:58:18,179,10,0,189
2022-05-22T00:08:32,180,9,0,189
2022-05-22T00:18:48,180,9,0,189
2022-05-22T00:29:01,180,9,0,189
2022-05-22T00:39:28,180,9,0,189
2022-05-22T00:49:41,180,9,0,189
2022-05-22T00:59:53,180,9,0,189
2022-05-22T01:10:06,181,8,0,189
2022-05-22T01:20:19,181,8,0,189
2022-05-22T01:30:32,181,8,0,189
2022-05-22T01:40:44,181,8,0,189
2022-05-22T01:50:58,181,8,0,189
2022-05-22T02:01:10,181,8,0,189
2022-05-22T02:11:23,181,8,0,189
2022-05-22T02:21:36,181,8,0,189
2022-05-22T02:31:52,181,8,0,189
2022-05-22T02:42:08,181,8,0,189
2022-05-22T02:52:24,181,8,0,189
2022-05-22T03:03:07,181,8,0,189
2022-05-22T03:13:50,181,8,0,189
2022-05-22T03:24:06,181,8,0,189
2022-05-22T03:34:21,181,8,0,189
2022-05-22T03:44:46,181,8,0,189
2022-05-22T03:55:01,181,8,0,189
2022-05-22T04:05:15,181,8,0,189
2022-05-22T04:26:26,181,8,0,189
2022-05-22T04:36:42,181,8,0,189
2022-05-22T04:46:58,181,8,0,189
2022-05-22T04:57:14,181,8,0,189
2022-05-22T05:07:30,181,8,0,189
2022-05-22T05:17:46,181,8,0,189
2022-05-22T05:28:01,181,8,0,189
2022-05-22T05:38:16,181,8,0,189
2022-05-22T05:48:32,181,8,0,189
2022-05-22T05:58:48,181,8,0,189
2022-05-22T06:09:03,181,8,0,189
2022-05-22T06:19:18,181,8,0,189
2022-05-22T06:29:33,181,8,0,189
2022-05-22T06:39:48,181,8,0,189
2022-05-22T06:50:02,181,8,0,189
2022-05-22T07:00:16,182,7,0,189
2022-05-22T07:10:30,182,7,0,189
2022-05-22T07:20:43,182,7,0,189
2022-05-22T07:30:56,182,7,0,189
2022-05-22T07:41:09,182,7,0,189
2022-05-22T07:51:22,182,7,0,189
2022-05-22T08:01:36,182,7,0,189
2022-05-22T08:11:48,182,7,0,189
2022-05-22T08:22:01,182,7,0,189
2022-05-22T08:32:15,182,7,0,189
2022-05-22T08:42:28,183,6,0,189
2022-05-22T08:52:41,184,5,0,189
2022-05-22T09:02:53,184,5,0,189
2022-05-22T09:13:07,184,5,0,189
2022-05-22T09:23:20,184,5,0,189
2022-05-22T09:33:33,184,5,0,189
2022-05-22T09:43:47,184,5,0,189
2022-05-22T09:54:00,184,5,0,189
2022-05-22T10:04:13,184,5,0,189
2022-05-22T10:14:26,184,5,0,189
2022-05-22T10:24:40,184,5,0,189
2022-05-22T10:34:54,184,5,0,189
2022-05-22T10:45:08,185,4,0,189
2022-05-22T10:55:22,186,3,0,189
2022-05-22T11:05:35,186,3,0,189
2022-05-22T11:15:55,186,3,0,189
2022-05-22T11:26:09,186,3,0,189
2022-05-22T11:36:22,187,2,0,189
2022-05-22T11:46:36,187,2,0,189
2022-05-22T11:56:49,187,2,0,189
2022-05-22T12:07:03,187,2,0,189
2022-05-22T12:17:16,187,2,0,189
2022-05-22T12:27:29,187,2,0,189
2022-05-22T12:37:42,187,2,0,189
2022-05-22T12:47:55,187,2,0,189
2022-05-22T12:58:09,187,2,0,189
2022-05-22T13:08:21,187,2,0,189
2022-05-22T13:18:34,187,2,0,189
2022-05-22T13:28:56,188,1,0,189
2022-05-22T13:39:10,188,1,0,189
2022-05-22T13:49:23,188,1,0,189
2022-05-22T13:59:36,188,1,0,189
2022-05-22T14:09:52,188,1,0,189
2022-05-22T14:20:05,188,1,0,189
2022-05-22T14:30:18,188,1,0,189
2022-05-22T14:40:32,188,1,0,189
2022-05-22T14:50:44,188,1,0,189
2022-05-22T15:00:58,188,1,0,189
2022-05-22T15:11:11,188,1,0,189
2022-05-22T15:21:24,188,1,0,189
2022-05-22T15:31:38,188,1,0,189
2022-05-22T15:41:51,189,0,0,189
2022-05-22T15:52:16,189,0,0,189
2022-05-22T16:02:29,189,0,0,189
2022-05-22T16:12:43,189,0,0,189
2022-05-22T16:22:57,189,0,0,189
2022-05-22T16:33:10,189,0,0,189
2022-05-22T16:43:24,189,0,0,189
2022-05-22T16:53:37,189,0,0,189
2022-05-22T17:03:50,189,0,0,189
2022-05-22T17:14:04,189,0,0,189
2022-05-22T17:24:17,189,0,0,189
2022-05-22T17:34:30,189,0,0,189
2022-05-22T17:44:54,189,0,0,189
2022-05-22T17:55:07,189,0,0,189
2022-05-22T18:05:20,189,0,0,189
2022-05-22T18:15:33,189,0,0,189
2022-05-22T18:25:47,189,0,0,189
2022-05-22T18:36:00,189,0,0,189
2022-05-22T18:46:14,189,0,0,189
2022-05-22T18:56:27,189,0,0,189
2022-05-22T19:06:41,189,0,0,189
2022-05-22T19:16:56,189,0,0,189
2022-05-22T19:27:10,189,0,0,189
2022-05-22T19:37:23,189,0,0,189
2022-05-22T19:47:36,189,0,0,189
2022-05-22T19:57:49,189,0,0,189
2022-05-22T20:08:13,189,0,0,189
2022-05-22T20:18:27,189,0,0,189
2022-05-22T20:28:42,189,0,0,189
2022-05-22T20:38:56,189,0,0,189
2022-05-22T20:49:09,189,0,0,189
2022-05-22T20:59:22,189,0,0,189
2022-05-22T21:09:35,189,0,0,189
2022-05-22T21:19:49,189,0,0,189
2022-05-22T21:30:03,189,0,0,189
2022-05-22T21:40:26,189,0,0,189
2022-05-22T21:50:39,189,0,0,189
2022-05-22T22:00:53,189,0,0,189
2022-05-22T22:11:07,189,0,0,189
2022-05-22T22:21:23,189,0,0,189
2022-05-22T22:31:36,189,0,0,189
2022-05-22T22:41:50,189,0,0,189
2022-05-22T22:52:04,189,0,0,189
2022-05-22T23:02:28,189,0,0,189
2022-05-22T23:12:42,189,0,0,189
2022-05-22T23:22:56,189,0,0,189
2022-05-22T23:33:10,189,0,0,189
2022-05-22T23:43:23,189,0,0,189
2022-05-22T23:53:39,189,0,0,189
2022-05-23T00:03:54,189,0,0,189
2022-05-23T00:14:12,189,0,0,189
2022-05-23T00:24:28,189,0,0,189
2022-05-23T00:34:42,189,0,0,189
2022-05-23T00:44:57,189,0,0,189
2022-05-23T00:55:11,189,0,0,189
2022-05-23T01:05:36,189,0,0,189
2022-05-23T01:15:53,189,0,0,189
2022-05-23T01:26:09,189,0,0,189
2022-05-23T01:36:24,189,0,0,189
2022-05-23T01:46:37,189,0,0,189
2022-05-23T01:56:51,189,0,0,189
2022-05-23T02:19:43,189,0,0,189
2022-05-23T02:29:57,189,0,0,189
2022-05-23T02:40:12,189,0,0,189
2022-05-23T02:50:26,189,0,0,189
2022-05-23T03:00:43,189,0,0,189
2022-05-23T03:10:57,189,0,0,189
2022-05-23T03:21:16,189,0,0,189
2022-05-23T03:31:36,189,0,0,189
2022-05-23T03:41:50,189,0,0,189
2022-05-23T03:52:05,189,0,0,189
2022-05-23T04:02:19,189,0,0,189
2022-05-23T04:24:49,189,0,0,189
2022-05-23T04:36:15,189,0,0,189
2022-05-23T04:46:48,189,0,0,189
2022-05-23T04:57:04,189,0,0,189
2022-05-23T05:07:20,189,0,0,189
2022-05-23T05:17:36,189,0,0,189
2022-05-23T05:27:52,189,0,0,189
2022-05-23T05:38:08,189,0,0,189
2022-05-23T05:48:23,189,0,0,189
2022-05-23T05:58:39,189,0,0,189
2022-05-23T06:08:54,189,0,0,189
2022-05-23T06:19:09,189,0,0,189
2022-05-23T06:29:23,189,0,0,189
2022-05-23T06:39:37,189,0,0,189
2022-05-23T06:49:51,189,0,0,189
2022-05-23T07:00:05,189,0,0,189
2022-05-23T07:10:19,189,0,0,189
2022-05-23T07:20:33,189,0,0,189
2022-05-23T07:30:48,189,0,0,189
2022-05-23T07:41:03,189,0,0,189
2022-05-23T07:51:17,189,0,0,189
2022-05-23T08:01:31,189,0,0,189
2022-05-23T08:11:46,189,0,0,189
2022-05-23T08:22:12,189,0,0,189
2022-05-23T08:32:28,189,0,0,189
2022-05-23T08:42:43,189,0,0,189
2022-05-23T08:52:59,189,0,0,189
2022-05-23T09:03:16,189,0,0,189
2022-05-23T09:13:33,189,0,0,189
2022-05-23T09:23:50,189,0,0,189
2022-05-23T09:34:07,189,0,0,189
2022-05-23T09:44:43,189,0,0,189
2022-05-23T09:54:59,189,0,0,189
2022-05-23T10:05:17,189,0,0,189
2022-05-23T10:15:35,189,0,0,189
2022-05-23T10:25:53,189,0,0,189
2022-05-23T10:36:10,189,0,0,189
2022-05-23T10:46:39,189,0,0,189
2022-05-23T10:56:59,189,0,0,189
2022-05-23T11:07:16,189,0,0,189
2022-05-23T11:17:33,189,0,0,189
2022-05-23T11:28:13,189,0,0,189
2022-05-23T11:38:30,189,0,0,189
2022-05-23T11:48:49,189,0,0,189
2022-05-23T11:59:08,189,0,0,189
2022-05-23T12:09:28,189,0,0,189
2022-05-23T12:19:57,189,0,0,189
2022-05-23T12:30:16,189,0,0,189
2022-05-23T12:40:33,189,0,0,189
2022-05-23T12:51:02,189,0,0,189
2022-05-23T13:01:21,189,0,0,189
2022-05-23T13:11:42,189,0,0,189
2022-05-23T13:22:20,189,0,0,189
2022-05-23T13:32:38,189,0,0,189
2022-05-23T13:42:59,189,0,0,189
2022-05-23T13:53:18,189,0,0,189
2022-05-23T14:03:51,189,0,0,189
2022-05-23T14:14:09,189,0,0,189
2022-05-23T14:24:28,189,0,0,189
2022-05-23T14:34:48,189,0,0,189
2022-05-23T14:45:18,189,0,0,189
2022-05-23T14:55:36,189,0,0,189
2022-05-23T15:05:55,189,0,0,189
2022-05-23T15:16:26,189,0,0,189
2022-05-23T15:26:45,189,0,0,189
2022-05-23T15:37:05,189,0,0,189
2022-05-23T15:47:46,189,0,0,189
2022-05-23T15:58:04,189,0,0,189
2022-05-23T16:08:28,189,0,0,189
2022-05-23T16:18:45,189,0,0,189
2022-05-23T16:29:15,189,0,0,189
2022-05-23T16:39:35,189,0,0,189
2022-05-23T16:49:51,189,0,0,189
2022-05-23T17:00:19,189,0,0,189
2022-05-23T17:10:39,189,0,0,189
2022-05-23T17:20:56,189,0,0,189
2022-05-23T17:31:13,189,0,0,189
2022-05-23T17:41:40,189,0,0,189
2022-05-23T17:51:56,189,0,0,189
2022-05-23T18:02:14,189,0,0,189
2022-05-23T18:12:33,189,0,0,189
2022-05-23T18:23:09,189,0,0,189
2022-05-23T18:33:26,189,0,0,189
2022-05-23T18:43:42,189,0,0,189
2022-05-23T18:53:58,189,0,0,189
2022-05-23T19:04:24,189,0,0,189
2022-05-23T19:14:40,189,0,0,189
2022-05-23T19:24:56,189,0,0,189
2022-05-23T19:35:13,189,0,0,189
2022-05-23T19:45:29,189,0,0,189
2022-05-23T19:55:45,189,0,0,189
2022-05-23T20:06:13,189,0,0,189
2022-05-23T20:16:29,189,0,0,189
2022-05-23T20:26:45,189,0,0,189
2022-05-23T20:37:02,189,0,0,189
2022-05-23T20:47:18,189,0,0,189
2022-05-23T20:57:44,189,0,0,189
2022-05-23T21:07:59,189,0,0,189
2022-05-23T21:18:15,189,0,0,189
2022-05-23T21:28:30,189,0,0,189
2022-05-23T21:38:47,189,0,0,189
2022-05-23T21:49:22,189,0,0,189
2022-05-23T21:59:38,189,0,0,189
2022-05-23T22:09:53,189,0,0,189
2022-05-23T22:20:08,189,0,0,189
2022-05-23T22:30:24,189,0,0,189
2022-05-23T22:40:39,189,0,0,189
2022-05-23T22:51:05,189,0,0,189
2022-05-23T23:01:19,189,0,0,189
2022-05-23T23:11:35,189,0,0,189
2022-05-23T23:21:50,189,0,0,189
2022-05-23T23:32:05,189,0,0,189
2022-05-23T23:42:32,189,0,0,189
2022-05-23T23:52:46,189,0,0,189
2022-05-24T00:03:02,189,0,0,189
2022-05-24T00:13:19,189,0,0,189
2022-05-24T00:23:37,189,0,0,189
2022-05-24T00:33:52,189,0,0,189
2022-05-24T00:44:08,189,0,0,189
2022-05-24T00:54:44,189,0,0,189
2022-05-24T01:05:00,189,0,0,189
2022-05-24T01:15:14,189,0,0,189
2022-05-24T01:25:30,189,0,0,189
2022-05-24T01:35:44,189,0,0,189
2022-05-24T01:45:58,189,0,0,189
2022-05-24T01:56:13,189,0,0,189
2022-05-24T02:06:28,189,0,0,189
2022-05-24T02:16:42,189,0,0,189
2022-05-24T02:27:05,189,0,0,189
2022-05-24T02:37:19,189,0,0,189
2022-05-24T02:47:33,189,0,0,189
2022-05-24T02:57:46,189,0,0,189
2022-05-24T03:08:00,189,0,0,189
2022-05-24T03:18:13,189,0,0,189
2022-05-24T03:28:28,189,0,0,189
2022-05-24T03:38:54,189,0,0,189
2022-05-24T03:49:09,189,0,0,189
2022-05-24T03:59:26,189,0,0,189
2022-05-24T04:11:57,189,0,0,189
2022-05-24T04:33:44,189,0,0,189
2022-05-24T04:44:00,189,0,0,189
2022-05-24T04:54:19,189,0,0,189
2022-05-24T05:04:38,189,0,0,189
2022-05-24T05:14:55,189,0,0,189
2022-05-24T05:25:11,189,0,0,189
2022-05-24T05:35:28,189,0,0,189
2022-05-24T05:45:44,189,0,0,189
2022-05-24T05:56:01,189,0,0,189
2022-05-24T06:06:17,189,0,0,189
2022-05-24T06:16:33,189,0,0,189
2022-05-24T06:26:48,189,0,0,189
2022-05-24T06:37:04,189,0,0,189
2022-05-24T06:47:20,189,0,0,189
2022-05-24T06:57:36,189,0,0,189
2022-05-24T07:07:53,189,0,0,189
2022-05-24T07:18:09,189,0,0,189
2022-05-24T07:28:24,189,0,0,189
2022-05-24T07:38:42,189,0,0,189
2022-05-24T07:48:57,189,0,0,189
2022-05-24T07:59:11,189,0,0,189
2022-05-24T08:09:26,189,0,0,189
2022-05-24T08:19:40,189,0,0,189
2022-05-24T08:29:55,189,0,0,189
2022-05-24T08:40:11,189,0,0,189
2022-05-24T08:50:27,189,0,0,189
2022-05-24T09:00:54,189,0,0,189
2022-05-24T09:11:10,189,0,0,189
2022-05-24T09:21:28,189,0,0,189
2022-05-24T09:31:45,189,0,0,189
2022-05-24T09:42:02,189,0,0,189
2022-05-24T09:52:19,189,0,0,189
2022-05-24T10:02:38,189,0,0,189
2022-05-24T10:13:06,189,0,0,189
2022-05-24T10:23:23,189,0,0,189
2022-05-24T10:33:42,189,0,0,189
2022-05-24T10:44:00,189,0,0,189
2022-05-24T10:54:28,189,0,0,189
2022-05-24T11:04:49,189,0,0,189
2022-05-24T11:15:08,189,0,0,189
2022-05-24T11:25:39,189,0,0,189
2022-05-24T11:35:56,189,0,0,189
2022-05-24T11:46:15,189,0,0,189
2022-05-24T11:56:35,189,0,0,189
2022-05-24T12:06:52,189,0,0,189
2022-05-24T12:17:21,189,0,0,189
2022-05-24T12:27:38,189,0,0,189
2022-05-24T12:37:57,189,0,0,189
2022-05-24T12:48:25,189,0,0,189
2022-05-24T12:58:41,189,0,0,189
2022-05-24T13:09:02,189,0,0,189
2022-05-24T13:19:22,189,0,0,189
2022-05-24T13:29:56,189,0,0,189
2022-05-24T13:40:20,189,0,0,189
2022-05-24T13:50:42,189,0,0,189
2022-05-24T14:04:06,189,0,0,189
2022-05-24T14:14:27,189,0,0,189
2022-05-24T14:24:49,189,0,0,189
2022-05-24T14:35:22,189,0,0,189
2022-05-24T14:45:41,189,0,0,189
2022-05-24T14:56:01,189,0,0,189
2022-05-24T15:06:23,189,0,0,189
2022-05-24T15:16:53,189,0,0,189
2022-05-24T15:27:12,189,0,0,189
2022-05-24T15:37:32,189,0,0,189
2022-05-24T15:47:51,189,0,0,189
2022-05-24T15:58:23,189,0,0,189
2022-05-24T16:08:43,189,0,0,189
2022-05-24T16:19:04,189,0,0,189
2022-05-24T16:29:34,189,0,0,189
2022-05-24T16:39:58,189,0,0,189
2022-05-24T16:50:25,189,0,0,189
2022-05-24T17:00:51,189,0,0,189
2022-05-24T17:11:33,189,0,0,189
2022-05-24T17:22:01,189,0,0,189
2022-05-24T17:32:25,189,0,0,189
2022-05-24T17:42:53,189,0,0,189
2022-05-24T17:53:29,189,0,0,189
2022-05-24T18:04:01,189,0,0,189
2022-05-24T18:14:22,189,0,0,189
2022-05-24T18:24:45,189,0,0,189
2022-05-24T18:35:17,189,0,0,189
2022-05-24T18:45:34,189,0,0,189
2022-05-24T18:55:52,189,0,0,189
2022-05-24T19:06:09,189,0,0,189
2022-05-24T19:16:26,189,0,0,189
2022-05-24T19:26:42,189,0,0,189
2022-05-24T19:37:10,189,0,0,189
2022-05-24T19:47:27,189,0,0,189
2022-05-24T19:57:44,189,0,0,189
2022-05-24T20:08:01,189,0,0,189
2022-05-24T20:18:17,189,0,0,189
2022-05-24T20:28:33,189,0,0,189
2022-05-24T20:39:01,189,0,0,189
2022-05-24T20:49:17,189,0,0,189
2022-05-24T20:59:34,189,0,0,189
2022-05-24T21:09:49,189,0,0,189
2022-05-24T21:20:16,189,0,0,189
2022-05-24T21:30:32,189,0,0,189
2022-05-24T21:40:49,189,0,0,189
2022-05-24T21:51:04,189,0,0,189
2022-05-24T22:01:19,189,0,0,189
2022-05-24T22:11:33,189,0,0,189
2022-05-24T22:21:57,189,0,0,189
2022-05-24T22:32:12,189,0,0,189
2022-05-24T22:42:27,189,0,0,189
2022-05-24T22:52:42,189,0,0,189
2022-05-24T23:02:57,189,0,0,189
2022-05-24T23:13:11,189,0,0,189
2022-05-24T23:23:37,189,0,0,189
2022-05-24T23:33:52,189,0,0,189
2022-05-24T23:44:06,189,0,0,189
2022-05-24T23:54:20,189,0,0,189
2022-05-25T00:04:36,189,0,0,189
2022-05-25T00:14:54,189,0,0,189
2022-05-25T00:25:12,189,0,0,189
2022-05-25T00:35:37,189,0,0,189
2022-05-25T00:45:54,189,0,0,189
2022-05-25T00:56:10,189,0,0,189
2022-05-25T01:06:25,189,0,0,189
2022-05-25T01:16:41,189,0,0,189
2022-05-25T01:26:57,189,0,0,189
2022-05-25T01:37:12,189,0,0,189
2022-05-25T01:47:26,189,0,0,189
2022-05-25T01:57:42,189,0,0,189
2022-05-25T02:07:56,189,0,0,189
2022-05-25T02:18:11,189,0,0,189
2022-05-25T02:28:25,189,0,0,189
2022-05-25T02:38:40,189,0,0,189
2022-05-25T02:48:56,189,0,0,189
2022-05-25T02:59:21,189,0,0,189
2022-05-25T03:09:37,189,0,0,189
2022-05-25T03:19:51,189,0,0,189
2022-05-25T03:30:05,189,0,0,189
2022-05-25T03:40:18,189,0,0,189
2022-05-25T03:50:32,189,0,0,189
2022-05-25T04:00:48,189,0,0,189
2022-05-25T04:13:01,189,0,0,189
2022-05-25T11:13:00,189,0,0,189
2022-05-25T11:23:29,189,0,0,189
2022-05-25T11:33:49,189,0,0,189
2022-05-25T11:44:09,189,0,0,189
2022-05-25T11:54:28,189,0,0,189
2022-05-25T12:04:48,189,0,0,189
2022-05-25T12:15:18,189,0,0,189
2022-05-25T12:25:35,189,0,0,189
2022-05-25T12:35:52,189,0,0,189
2022-05-25T12:46:09,189,0,0,189
2022-05-25T12:56:26,189,0,0,189
2022-05-25T13:06:53,189,0,0,189
2022-05-25T13:17:10,189,0,0,189
2022-05-25T13:27:26,189,0,0,189
2022-05-25T13:37:43,189,0,0,189
2022-05-25T13:47:59,189,0,0,189
2022-05-25T13:58:16,189,0,0,189
2022-05-25T14:08:33,189,0,0,189
2022-05-25T14:19:02,189,0,0,189
2022-05-25T14:29:19,189,0,0,189
2022-05-25T14:39:36,189,0,0,189
2022-05-25T14:49:54,189,0,0,189
2022-05-25T15:00:11,189,0,0,189
2022-05-25T15:10:29,189,0,0,189
2022-05-25T15:20:56,189,0,0,189
2022-05-25T15:31:14,189,0,0,189
2022-05-25T15:41:31,189,0,0,189
2022-05-25T15:51:49,189,0,0,189
2022-05-25T16:02:07,189,0,0,189
2022-05-25T16:12:24,189,0,0,189
2022-05-25T16:22:41,189,0,0,189
2022-05-25T16:33:07,189,0,0,189
2022-05-25T16:43:23,189,0,0,189
2022-05-25T16:53:39,189,0,0,189
2022-05-25T17:03:54,189,0,0,189
2022-05-25T17:14:12,189,0,0,189
2022-05-25T17:24:27,189,0,0,189
2022-05-25T17:34:42,189,0,0,189
2022-05-25T17:45:08,189,0,0,189
2022-05-25T17:55:24,189,0,0,189
2022-05-25T18:05:39,189,0,0,189
2022-05-25T18:15:54,189,0,0,189
2022-05-25T18:26:08,189,0,0,189
2022-05-25T18:36:23,189,0,0,189
2022-05-25T18:46:38,189,0,0,189
2022-05-25T18:56:53,189,0,0,189
2022-05-25T19:07:09,189,0,0,189
2022-05-25T19:17:35,189,0,0,189
2022-05-25T19:27:50,189,0,0,189
2022-05-25T19:38:05,189,0,0,189
2022-05-25T19:48:19,189,0,0,189
2022-05-25T19:58:34,189,0,0,189
2022-05-25T20:08:49,189,0,0,189
2022-05-25T20:19:04,189,0,0,189
2022-05-25T20:29:18,189,0,0,189
2022-05-25T20:39:33,189,0,0,189
2022-05-25T20:49:47,189,0,0,189
2022-05-25T21:00:13,189,0,0,189
2022-05-25T21:10:28,189,0,0,189
2022-05-25T21:20:42,189,0,0,189
2022-05-25T21:30:58,189,0,0,189
2022-05-25T21:41:12,189,0,0,189
2022-05-25T21:51:27,189,0,0,189
2022-05-25T22:01:43,189,0,0,189
2022-05-25T22:12:09,189,0,0,189
2022-05-25T22:22:25,189,0,0,189
2022-05-25T22:32:40,189,0,0,189
2022-05-25T22:42:55,189,0,0,189
2022-05-25T22:53:09,189,0,0,189
2022-05-25T23:03:24,189,0,0,189
2022-05-25T23:13:41,189,0,0,189
2022-05-25T23:23:56,189,0,0,189
2022-05-25T23:34:11,189,0,0,189
2022-05-25T23:44:26,189,0,0,189
2022-05-25T23:54:40,189,0,0,189
2022-05-26T00:05:06,189,0,0,189
2022-05-26T00:15:22,189,0,0,189
2022-05-26T00:25:38,189,0,0,189
2022-05-26T00:35:55,189,0,0,189
2022-05-26T00:46:11,189,0,0,189
2022-05-26T00:56:27,189,0,0,189
2022-05-26T01:06:44,189,0,0,189
2022-05-26T01:17:00,189,0,0,189
2022-05-26T01:27:16,189,0,0,189
2022-05-26T01:37:32,189,0,0,189
2022-05-26T01:47:49,188,1,0,189
2022-05-26T01:58:05,188,1,0,189
2022-05-26T02:08:21,188,1,0,189
2022-05-26T02:18:35,188,1,0,189
2022-05-26T02:28:52,188,1,0,189
2022-05-26T02:39:06,188,1,0,189
2022-05-26T02:49:21,188,1,0,189
2022-05-26T02:59:35,188,1,0,189
2022-05-26T03:09:50,188,1,0,189
2022-05-26T03:20:17,188,1,0,189
2022-05-26T03:30:33,188,1,0,189
2022-05-26T03:40:50,188,1,0,189
2022-05-26T03:51:06,188,1,0,189
2022-05-26T04:03:48,188,1,0,189
2022-05-26T04:14:11,188,1,0,189
2022-05-26T04:33:01,188,1,0,189
2022-05-26T04:43:17,188,1,0,189
2022-05-26T04:53:33,188,1,0,189
2022-05-26T05:03:51,188,1,0,189
2022-05-26T05:14:09,188,1,0,189
2022-05-26T05:24:25,188,1,0,189
2022-05-26T05:34:41,188,1,0,189
2022-05-26T05:44:58,188,1,0,189
2022-05-26T05:55:16,188,1,0,189
2022-05-26T06:05:34,188,1,0,189
2022-05-26T06:15:50,188,1,0,189
2022-05-26T06:26:06,188,1,0,189
2022-05-26T06:36:23,188,1,0,189
2022-05-26T06:46:41,188,1,0,189
2022-05-26T06:56:56,188,1,0,189
2022-05-26T07:07:15,188,1,0,189
2022-05-26T07:17:30,188,1,0,189
2022-05-26T07:27:46,188,1,0,189
2022-05-26T07:38:01,188,1,0,189
2022-05-26T07:48:17,188,1,0,189
2022-05-26T07:58:31,188,1,0,189
2022-05-26T08:08:46,188,1,0,189
2022-05-26T08:19:01,188,1,0,189
2022-05-26T08:29:16,188,1,0,189
2022-05-26T08:39:42,188,1,0,189
2022-05-26T08:49:58,188,1,0,189
2022-05-26T09:00:14,188,1,0,189
2022-05-26T09:10:30,188,1,0,189
2022-05-26T09:20:45,188,1,0,189
2022-05-26T09:31:01,188,1,0,189
2022-05-26T09:41:17,188,1,0,189
2022-05-26T09:51:34,188,1,0,189
2022-05-26T10:01:50,188,1,0,189
2022-05-26T10:12:08,188,1,0,189
2022-05-26T10:22:36,188,1,0,189
2022-05-26T10:32:53,188,1,0,189
2022-05-26T10:43:09,188,1,0,189
2022-05-26T10:53:26,188,1,0,189
2022-05-26T11:03:45,189,0,0,189
2022-05-26T11:14:02,189,0,0,189
2022-05-26T11:24:35,189,0,0,189
2022-05-26T11:35:00,189,0,0,189
2022-05-26T11:45:25,189,0,0,189
2022-05-26T11:55:53,188,1,0,189
2022-05-26T12:06:20,188,1,0,189
2022-05-26T12:16:47,188,1,0,189
2022-05-26T12:27:18,188,1,0,189
2022-05-26T12:38:01,189,0,0,189
2022-05-26T12:48:32,189,0,0,189
2022-05-26T12:59:01,189,0,0,189
2022-05-26T13:09:27,189,0,0,189
2022-05-26T13:19:55,189,0,0,189
2022-05-26T13:30:20,189,0,0,189
2022-05-26T13:40:46,189,0,0,189
2022-05-26T13:51:12,189,0,0,189
2022-05-26T14:01:35,189,0,0,189
2022-05-26T14:12:10,189,0,0,189
2022-05-26T14:22:33,189,0,0,189
2022-05-26T14:32:49,189,0,0,189
2022-05-26T14:43:06,189,0,0,189
2022-05-26T14:53:22,189,0,0,189
2022-05-26T15:03:50,189,0,0,189
2022-05-26T15:14:07,189,0,0,189
2022-05-26T15:24:23,189,0,0,189
2022-05-26T15:34:39,189,0,0,189
2022-05-26T15:44:55,189,0,0,189
2022-05-26T15:55:11,189,0,0,189
2022-05-26T16:05:27,189,0,0,189
2022-05-26T16:15:43,189,0,0,189
2022-05-26T16:26:08,189,0,0,189
2022-05-26T16:36:24,189,0,0,189
2022-05-26T16:46:38,189,0,0,189
2022-05-26T16:56:54,189,0,0,189
2022-05-26T17:07:09,189,0,0,189
2022-05-26T17:17:25,189,0,0,189
2022-05-26T17:27:42,189,0,0,189
2022-05-26T17:38:08,189,0,0,189
2022-05-26T17:48:23,189,0,0,189
2022-05-26T17:58:38,189,0,0,189
2022-05-26T18:08:54,189,0,0,189
2022-05-26T18:19:09,189,0,0,189
2022-05-26T18:29:23,189,0,0,189
2022-05-26T18:39:38,189,0,0,189
2022-05-26T18:49:53,189,0,0,189
2022-05-26T19:00:08,189,0,0,189
2022-05-26T19:10:24,189,0,0,189
2022-05-26T19:20:50,189,0,0,189
2022-05-26T19:31:05,189,0,0,189
2022-05-26T19:41:19,189,0,0,189
2022-05-26T19:51:34,189,0,0,189
2022-05-26T20:01:48,189,0,0,189
2022-05-26T20:12:03,189,0,0,189
2022-05-26T20:22:18,189,0,0,189
2022-05-26T20:32:33,189,0,0,189
2022-05-26T20:42:47,189,0,0,189
2022-05-26T20:53:02,189,0,0,189
2022-05-26T21:03:26,189,0,0,189
2022-05-26T21:13:41,189,0,0,189
2022-05-26T21:23:56,189,0,0,189
2022-05-26T21:34:10,189,0,0,189
2022-05-26T21:44:24,189,0,0,189
2022-05-26T21:54:39,189,0,0,189
2022-05-26T22:05:03,189,0,0,189
2022-05-26T22:15:18,189,0,0,189
2022-05-26T22:25:33,189,0,0,189
2022-05-26T22:35:48,189,0,0,189
2022-05-26T22:46:02,189,0,0,189
2022-05-26T22:56:17,189,0,0,189
2022-05-26T23:06:31,189,0,0,189
2022-05-26T23:16:46,189,0,0,189
2022-05-26T23:27:01,189,0,0,189
2022-05-26T23:37:17,189,0,0,189
2022-05-26T23:47:43,189,0,0,189
2022-05-26T23:57:57,189,0,0,189
2022-05-27T00:08:12,189,0,0,189
2022-05-27T00:18:30,189,0,0,189
2022-05-27T00:28:46,189,0,0,189
2022-05-27T00:39:03,189,0,0,189
2022-05-27T00:49:19,189,0,0,189
2022-05-27T00:59:37,189,0,0,189
2022-05-27T01:09:53,189,0,0,189
2022-05-27T01:20:09,189,0,0,189
2022-05-27T01:30:25,189,0,0,189
2022-05-27T01:40:41,189,0,0,189
2022-05-27T01:51:07,189,0,0,189
2022-05-27T02:01:23,189,0,0,189
2022-05-27T02:11:39,189,0,0,189
2022-05-27T02:21:54,189,0,0,189
2022-05-27T02:32:19,189,0,0,189
2022-05-27T02:42:35,189,0,0,189
2022-05-27T02:52:51,189,0,0,189
2022-05-27T03:03:06,189,0,0,189
2022-05-27T03:13:22,189,0,0,189
2022-05-27T03:23:37,189,0,0,189
2022-05-27T03:33:51,189,0,0,189
2022-05-27T03:44:07,189,0,0,189
2022-05-27T03:54:23,189,0,0,189
2022-05-27T04:04:39,189,0,0,189
2022-05-27T04:17:08,189,0,0,189
2022-05-27T04:43:05,189,0,0,189
2022-05-27T04:53:23,189,0,0,189
2022-05-27T05:03:42,189,0,0,189
2022-05-27T05:14:00,189,0,0,189
2022-05-27T05:24:17,189,0,0,189
2022-05-27T05:34:34,189,0,0,189
2022-05-27T05:44:51,189,0,0,189
2022-05-27T05:55:08,189,0,0,189
2022-05-27T06:05:24,189,0,0,189
2022-05-27T06:15:39,189,0,0,189
2022-05-27T06:25:55,189,0,0,189
2022-05-27T06:36:14,189,0,0,189
2022-05-27T06:46:28,189,0,0,189
2022-05-27T06:56:42,189,0,0,189
2022-05-27T07:06:59,189,0,0,189
2022-05-27T07:17:14,189,0,0,189
2022-05-27T07:27:29,189,0,0,189
2022-05-27T07:37:44,189,0,0,189
2022-05-27T07:48:00,189,0,0,189
2022-05-27T07:58:25,189,0,0,189
2022-05-27T08:08:40,189,0,0,189
2022-05-27T08:18:56,189,0,0,189
2022-05-27T08:29:12,189,0,0,189
2022-05-27T08:39:29,189,0,0,189
2022-05-27T08:49:45,189,0,0,189
2022-05-27T09:00:02,189,0,0,189
2022-05-27T09:10:17,189,0,0,189
2022-05-27T09:20:33,189,0,0,189
2022-05-27T09:30:49,189,0,0,189
2022-05-27T09:41:04,189,0,0,189
2022-05-27T09:51:20,189,0,0,189
2022-05-27T10:01:35,189,0,0,189
2022-05-27T10:11:52,189,0,0,189
2022-05-27T10:22:08,189,0,0,189
2022-05-27T10:32:24,189,0,0,189
2022-05-27T10:42:50,189,0,0,189
2022-05-27T10:53:06,189,0,0,189
2022-05-27T11:03:22,189,0,0,189
2022-05-27T11:13:38,189,0,0,189
2022-05-27T11:23:55,189,0,0,189
2022-05-27T11:34:11,189,0,0,189
2022-05-27T11:44:27,189,0,0,189
2022-05-27T11:54:43,189,0,0,189
2022-05-27T12:05:00,189,0,0,189
2022-05-27T12:15:17,189,0,0,189
2022-05-27T12:25:43,189,0,0,189
2022-05-27T12:35:59,189,0,0,189
2022-05-27T12:46:15,189,0,0,189
2022-05-27T12:56:32,189,0,0,189
2022-05-27T13:06:47,189,0,0,189
2022-05-27T13:17:03,189,0,0,189
2022-05-27T13:27:19,189,0,0,189
2022-05-27T13:37:44,189,0,0,189
2022-05-27T13:48:00,189,0,0,189
2022-05-27T13:58:16,189,0,0,189
2022-05-27T14:08:31,189,0,0,189
2022-05-27T14:18:47,189,0,0,189
2022-05-27T14:29:03,189,0,0,189
2022-05-27T14:39:18,189,0,0,189
2022-05-27T14:49:33,189,0,0,189
2022-05-27T14:59:49,189,0,0,189
2022-05-27T15:10:05,189,0,0,189
2022-05-27T15:20:30,189,0,0,189
2022-05-27T15:30:45,189,0,0,189
2022-05-27T15:41:02,189,0,0,189
2022-05-27T15:51:17,189,0,0,189
2022-05-27T16:01:33,189,0,0,189
2022-05-27T16:11:48,189,0,0,189
2022-05-27T16:22:04,189,0,0,189
2022-05-27T16:32:28,189,0,0,189
2022-05-27T16:42:44,189,0,0,189
2022-05-27T16:52:58,189,0,0,189
2022-05-27T17:03:13,189,0,0,189
2022-05-27T17:13:28,189,0,0,189
2022-05-27T17:23:43,189,0,0,189
2022-05-27T17:33:58,189,0,0,189
2022-05-27T17:44:12,189,0,0,189
2022-05-27T17:54:27,189,0,0,189
2022-05-27T18:04:41,189,0,0,189
2022-05-27T18:14:55,189,0,0,189
2022-05-27T18:25:20,189,0,0,189
2022-05-27T18:35:34,189,0,0,189
2022-05-27T18:45:48,189,0,0,189
2022-05-27T18:56:02,189,0,0,189
2022-05-27T19:06:16,189,0,0,189
2022-05-27T19:16:30,189,0,0,189
2022-05-27T19:26:45,189,0,0,189
2022-05-27T19:36:59,189,0,0,189
2022-05-27T19:47:13,189,0,0,189
2022-05-27T19:57:37,189,0,0,189
2022-05-27T20:07:52,189,0,0,189
2022-05-27T20:18:06,189,0,0,189
2022-05-27T20:28:20,189,0,0,189
2022-05-27T20:38:35,189,0,0,189
2022-05-27T20:48:49,189,0,0,189
2022-05-27T20:59:04,189,0,0,189
2022-05-27T21:09:18,189,0,0,189
2022-05-27T21:19:33,189,0,0,189
2022-05-27T21:29:47,189,0,0,189
2022-05-27T21:40:01,189,0,0,189
2022-05-27T21:50:16,189,0,0,189
2022-05-27T22:00:30,189,0,0,189
2022-05-27T22:10:53,189,0,0,189
2022-05-27T22:21:08,189,0,0,189
2022-05-27T22:31:22,189,0,0,189
2022-05-27T22:41:37,189,0,0,189
2022-05-27T22:51:51,189,0,0,189
2022-05-27T23:02:05,189,0,0,189
2022-05-27T23:12:21,189,0,0,189
2022-05-27T23:22:35,189,0,0,189
2022-05-27T23:32:50,189,0,0,189
2022-05-27T23:43:06,189,0,0,189
2022-05-27T23:53:20,189,0,0,189
2022-05-28T00:05:11,188,1,28,189
2022-05-28T00:15:32,188,1,33,189
2022-05-28T00:25:54,188,1,34,189
2022-05-28T00:36:15,188,1,35,189
2022-05-28T00:46:46,188,1,35,189
2022-05-28T00:57:05,188,1,36,189
2022-05-28T01:07:28,188,1,37,189
2022-05-28T01:17:51,188,1,37,189
2022-05-28T01:28:12,188,1,37,189
2022-05-28T01:38:34,188,1,37,189
2022-05-28T01:48:53,188,1,37,189
2022-05-28T01:59:29,188,1,37,189
2022-05-28T02:09:59,188,1,39,189
2022-05-28T02:20:24,188,1,39,189
2022-05-28T02:31:00,188,1,40,189
2022-05-28T02:41:26,188,1,40,189
2022-05-28T02:51:48,188,1,41,189
2022-05-28T03:02:09,188,1,40,189
2022-05-28T03:12:41,188,1,40,189
2022-05-28T03:23:01,188,1,41,189
2022-05-28T03:33:19,188,1,41,189
2022-05-28T03:43:40,188,1,41,189
2022-05-28T03:53:57,188,1,41,189
2022-05-28T04:06:19,188,1,41,189
2022-05-28T04:31:33,188,1,41,189
2022-05-28T04:41:50,188,1,41,189
2022-05-28T04:52:06,188,1,41,189
2022-05-28T05:02:22,188,1,41,189
2022-05-28T05:12:39,188,1,42,189
2022-05-28T05:22:55,188,1,42,189
2022-05-28T05:33:12,188,1,42,189
2022-05-28T05:43:29,188,1,42,189
2022-05-28T05:53:46,188,1,42,189
2022-05-28T06:04:02,188,1,42,189
2022-05-28T06:14:18,188,1,43,189
2022-05-28T06:24:34,188,1,43,189
2022-05-28T06:34:50,188,1,43,189
2022-05-28T06:45:05,188,1,43,189
2022-05-28T06:55:21,188,1,43,189
2022-05-28T07:05:38,188,1,43,189
2022-05-28T07:15:54,188,1,43,189
2022-05-28T07:26:10,188,1,43,189
2022-05-28T07:36:26,188,1,43,189
2022-05-28T07:46:42,188,1,43,189
2022-05-28T07:56:58,188,1,45,189
2022-05-28T08:07:22,188,1,45,189
2022-05-28T08:17:38,188,1,44,189
2022-05-28T08:27:53,188,1,44,189
2022-05-28T08:38:07,188,1,44,189
2022-05-28T08:48:23,188,1,44,189
2022-05-28T08:58:38,188,1,45,189
2022-05-28T09:08:52,188,1,45,189
2022-05-28T09:19:07,188,1,45,189
2022-05-28T09:29:22,188,1,45,189
2022-05-28T09:39:37,188,1,45,189
2022-05-28T09:50:00,188,1,45,189
2022-05-28T10:00:15,188,1,46,189
2022-05-28T10:10:29,188,1,46,189
2022-05-28T10:20:43,188,1,47,189
2022-05-28T10:30:57,188,1,47,189
2022-05-28T10:41:10,188,1,47,189
2022-05-28T10:51:24,188,1,47,189
2022-05-28T11:01:38,188,1,47,189
2022-05-28T11:11:52,188,1,47,189
2022-05-28T11:22:06,188,1,47,189
2022-05-28T11:32:23,188,1,47,189
2022-05-28T11:42:37,188,1,47,189
2022-05-28T11:52:51,188,1,47,189
2022-05-28T12:03:05,188,1,47,189
2022-05-28T12:13:19,188,1,48,189
2022-05-28T12:23:32,188,1,49,189
2022-05-28T12:33:46,188,1,50,189
2022-05-28T12:44:00,188,1,50,189
2022-05-28T12:54:14,188,1,50,189
2022-05-28T13:04:38,188,1,50,189
2022-05-28T13:14:52,188,1,50,189
2022-05-28T13:25:06,188,1,50,189
2022-05-28T13:35:20,188,1,50,189
2022-05-28T13:45:34,188,1,50,189
2022-05-28T13:55:48,188,1,51,189
2022-05-28T14:06:02,188,1,51,189
2022-05-28T14:16:16,188,1,51,189
2022-05-28T14:26:38,188,1,51,189
2022-05-28T14:36:53,188,1,51,189
2022-05-28T14:47:07,188,1,51,189
2022-05-28T14:57:20,188,1,51,189
2022-05-28T15:07:35,188,1,52,189
2022-05-28T15:17:49,188,1,52,189
2022-05-28T15:28:03,188,1,52,189
2022-05-28T15:38:17,188,1,52,189
2022-05-28T15:48:30,188,1,52,189
2022-05-28T15:58:44,188,1,52,189
2022-05-28T16:08:59,188,1,52,189
2022-05-28T16:19:13,188,1,52,189
2022-05-28T16:29:26,188,1,52,189
2022-05-28T16:39:50,188,1,52,189
2022-05-28T16:50:04,188,1,52,189
2022-05-28T17:00:18,188,1,52,189
2022-05-28T17:10:32,188,1,52,189
2022-05-28T17:20:47,188,1,52,189
2022-05-28T17:31:01,188,1,52,189
2022-05-28T17:41:15,188,1,52,189
2022-05-28T17:51:29,188,1,52,189
2022-05-28T18:01:44,188,1,53,189
2022-05-28T18:11:58,188,1,53,189
2022-05-28T18:22:12,188,1,53,189
2022-05-28T18:32:27,188,1,54,189
2022-05-28T18:42:51,188,1,54,189
2022-05-28T18:53:05,188,1,54,189
2022-05-28T19:03:20,188,1,54,189
2022-05-28T19:13:34,188,1,54,189
2022-05-28T19:23:49,188,1,54,189
2022-05-28T19:34:03,188,1,54,189
2022-05-28T19:44:19,188,1,54,189
2022-05-28T19:54:34,188,1,55,189
2022-05-28T20:04:48,188,1,55,189
2022-05-28T20:15:02,188,1,55,189
2022-05-28T20:25:15,188,1,55,189
2022-05-28T20:35:29,188,1,56,189
2022-05-28T20:45:53,188,1,56,189
2022-05-28T20:56:07,188,1,56,189
2022-05-28T21:06:21,188,1,56,189
2022-05-28T21:16:35,188,1,56,189
2022-05-28T21:26:49,188,1,56,189
2022-05-28T21:37:03,188,1,56,189
2022-05-28T21:47:17,188,1,56,189
2022-05-28T21:57:31,188,1,56,189
2022-05-28T22:07:44,188,1,56,189
2022-05-28T22:17:58,188,1,56,189
2022-05-28T22:28:13,189,0,55,189
2022-05-28T22:38:38,189,0,55,189
2022-05-28T22:48:52,189,0,55,189
2022-05-28T22:59:06,189,0,55,189
2022-05-28T23:09:20,189,0,55,189
2022-05-28T23:19:35,189,0,55,189
2022-05-28T23:29:49,189,0,55,189
2022-05-28T23:40:04,189,0,55,189
2022-05-28T23:50:18,189,0,55,189
2022-05-29T00:00:32,189,0,55,189
2022-05-29T00:10:47,189,0,55,189
2022-05-29T00:21:05,189,0,55,189
2022-05-29T00:31:19,189,0,55,189
2022-05-29T00:41:44,189,0,55,189
2022-05-29T00:51:59,189,0,55,189
2022-05-29T01:02:14,189,0,55,189
2022-05-29T01:12:29,189,0,55,189
2022-05-29T01:22:43,189,0,55,189
2022-05-29T01:32:59,189,0,55,189
2022-05-29T01:43:14,189,0,55,189
2022-05-29T01:53:29,189,0,54,189
2022-05-29T02:03:46,189,0,54,189
2022-05-29T02:14:01,189,0,54,189
2022-05-29T02:24:17,189,0,54,189
2022-05-29T02:34:32,189,0,54,189
2022-05-29T02:44:47,189,0,54,189
2022-05-29T02:55:02,189,0,54,189
2022-05-29T03:05:16,189,0,54,189
2022-05-29T03:15:31,189,0,54,189
2022-05-29T03:25:46,189,0,54,189
2022-05-29T03:36:01,189,0,54,189
2022-05-29T03:46:26,189,0,54,189
2022-05-29T03:56:42,189,0,54,189
2022-05-29T04:07:38,189,0,54,189
2022-05-29T04:19:20,189,0,54,189
2022-05-29T04:45:30,189,0,54,189
2022-05-29T04:55:47,189,0,54,189
2022-05-29T05:06:05,189,0,54,189
2022-05-29T05:16:24,189,0,54,189
2022-05-29T05:26:40,189,0,54,189
2022-05-29T05:36:57,189,0,54,189
2022-05-29T05:47:12,189,0,54,189
2022-05-29T05:57:27,189,0,54,189
2022-05-29T06:07:42,189,0,54,189
2022-05-29T06:17:57,189,0,54,189
2022-05-29T06:28:12,189,0,54,189
2022-05-29T06:38:26,189,0,54,189
2022-05-29T06:48:39,189,0,54,189
2022-05-29T06:58:52,189,0,54,189
2022-05-29T07:09:07,189,0,54,189
2022-05-29T07:19:28,189,0,54,189
2022-05-29T07:29:42,189,0,54,189
2022-05-29T07:39:56,189,0,54,189
2022-05-29T07:50:11,189,0,54,189
2022-05-29T08:00:25,189,0,54,189
2022-05-29T08:10:38,189,0,54,189
2022-05-29T08:20:52,189,0,54,189
2022-05-29T08:31:06,189,0,54,189
2022-05-29T08:41:20,189,0,54,189
2022-05-29T08:51:33,189,0,54,189
2022-05-29T09:01:47,189,0,54,189
2022-05-29T09:12:01,189,0,54,189
2022-05-29T09:22:15,189,0,54,189
2022-05-29T09:32:29,189,0,54,189
2022-05-29T09:42:43,189,0,54,189
2022-05-29T09:53:05,189,0,54,189
2022-05-29T10:03:19,189,0,54,189
2022-05-29T10:13:32,189,0,54,189
2022-05-29T10:23:46,189,0,54,189
2022-05-29T10:34:00,189,0,54,189
2022-05-29T10:44:13,189,0,54,189
2022-05-29T10:54:27,189,0,54,189
2022-05-29T11:04:41,189,0,54,189
2022-05-29T11:14:55,189,0,54,189
2022-05-29T11:25:10,189,0,54,189
2022-05-29T11:35:24,189,0,54,189
2022-05-29T11:45:38,189,0,54,189
2022-05-29T11:55:52,189,0,55,189
2022-05-29T12:06:06,189,0,55,189
2022-05-29T12:16:32,189,0,55,189
2022-05-29T12:26:47,189,0,55,189
2022-05-29T12:37:01,189,0,55,189
2022-05-29T12:47:15,189,0,55,189
2022-05-29T12:57:29,189,0,55,189
2022-05-29T13:07:43,189,0,55,189
2022-05-29T13:17:58,189,0,55,189
2022-05-29T13:28:12,189,0,55,189
2022-05-29T13:38:26,189,0,55,189
2022-05-29T13:48:40,189,0,55,189
2022-05-29T13:58:55,189,0,55,189
2022-05-29T14:09:09,189,0,55,189
2022-05-29T14:19:33,189,0,55,189
2022-05-29T14:29:47,189,0,55,189
2022-05-29T14:40:01,189,0,55,189
2022-05-29T14:50:14,189,0,55,189
2022-05-29T15:00:29,189,0,55,189
2022-05-29T15:10:43,189,0,55,189
2022-05-29T15:20:57,189,0,55,189
2022-05-29T15:31:11,189,0,55,189
2022-05-29T15:41:25,189,0,55,189
2022-05-29T15:51:39,189,0,55,189
2022-05-29T16:01:53,189,0,55,189
2022-05-29T16:12:17,189,0,55,189
2022-05-29T16:22:31,189,0,55,189
2022-05-29T16:32:45,189,0,55,189
2022-05-29T16:42:59,189,0,55,189
2022-05-29T16:53:13,189,0,55,189
2022-05-29T17:03:27,189,0,56,189
2022-05-29T17:13:41,189,0,56,189
2022-05-29T17:23:55,189,0,56,189
2022-05-29T17:34:09,189,0,56,189
2022-05-29T17:44:32,189,0,56,189
2022-05-29T17:54:46,189,0,56,189
2022-05-29T18:05:00,189,0,56,189
2022-05-29T18:15:14,189,0,56,189
2022-05-29T18:25:29,189,0,56,189
2022-05-29T18:35:43,189,0,56,189
2022-05-29T18:45:57,189,0,56,189
2022-05-29T18:56:11,189,0,56,189
2022-05-29T19:06:25,189,0,56,189
2022-05-29T19:16:48,189,0,56,189
2022-05-29T19:27:03,189,0,56,189
2022-05-29T19:37:17,189,0,56,189
2022-05-29T19:47:31,189,0,56,189
2022-05-29T19:57:45,189,0,56,189
2022-05-29T20:07:59,189,0,56,189
2022-05-29T20:18:13,189,0,56,189
2022-05-29T20:28:27,189,0,56,189
2022-05-29T20:38:41,189,0,56,189
2022-05-29T20:48:56,189,0,56,189
2022-05-29T20:59:10,189,0,56,189
2022-05-29T21:09:24,189,0,56,189
2022-05-29T21:19:38,189,0,56,189
2022-05-29T21:29:52,189,0,56,189
2022-05-29T21:40:17,189,0,56,189
2022-05-29T21:50:31,189,0,57,189
2022-05-29T22:00:44,189,0,57,189
2022-05-29T22:10:58,189,0,57,189
2022-05-29T22:21:13,189,0,57,189
2022-05-29T22:31:27,189,0,57,189
2022-05-29T22:41:41,189,0,57,189
2022-05-29T22:51:55,189,0,57,189
2022-05-29T23:02:09,189,0,57,189
2022-05-29T23:12:24,189,0,57,189
2022-05-29T23:22:48,189,0,57,189
2022-05-29T23:33:03,189,0,57,189
2022-05-29T23:43:17,189,0,57,189
2022-05-29T23:53:31,189,0,57,189
2022-05-30T00:03:46,189,0,57,189
2022-05-30T00:14:01,189,0,57,189
2022-05-30T00:24:18,189,0,57,189
2022-05-30T00:34:35,189,0,57,189
2022-05-30T00:44:53,189,0,57,189
2022-05-30T00:55:08,189,0,57,189
2022-05-30T01:05:33,189,0,57,189
2022-05-30T01:15:50,189,0,57,189
2022-05-30T01:26:07,189,0,57,189
2022-05-30T01:36:25,189,0,57,189
2022-05-30T01:46:41,189,0,57,189
2022-05-30T01:56:57,189,0,57,189
2022-05-30T02:07:13,189,0,57,189
2022-05-30T02:17:28,189,0,57,189
2022-05-30T02:27:44,189,0,57,189
2022-05-30T02:37:59,189,0,57,189
2022-05-30T02:48:13,189,0,57,189
2022-05-30T02:58:27,189,0,57,189
2022-05-30T03:08:42,189,0,57,189
2022-05-30T03:18:57,189,0,57,189
2022-05-30T03:29:11,189,0,57,189
2022-05-30T03:39:27,189,0,57,189
2022-05-30T03:49:43,189,0,57,189
2022-05-30T04:00:08,189,0,57,189
2022-05-30T04:26:55,189,0,57,189
2022-05-30T04:37:12,189,0,57,189
2022-05-30T04:47:28,189,0,57,189
2022-05-30T04:57:44,189,0,57,189
2022-05-30T05:08:03,189,0,57,189
2022-05-30T05:18:20,189,0,57,189
2022-05-30T05:28:37,189,0,57,189
2022-05-30T05:38:57,189,0,57,189
2022-05-30T05:49:13,189,0,57,189
2022-05-30T05:59:29,189,0,57,189
2022-05-30T06:09:45,189,0,57,189
2022-05-30T06:20:01,189,0,57,189
2022-05-30T06:30:18,189,0,57,189
2022-05-30T06:40:32,189,0,57,189
2022-05-30T06:50:47,189,0,57,189
2022-05-30T07:01:01,189,0,57,189
2022-05-30T07:11:17,189,0,57,189
2022-05-30T07:21:31,189,0,57,189
2022-05-30T07:31:45,189,0,57,189
2022-05-30T07:42:00,189,0,57,189
2022-05-30T07:52:29,189,0,57,189
2022-05-30T08:02:43,189,0,57,189
2022-05-30T08:12:57,189,0,57,189
2022-05-30T08:23:11,189,0,57,189
2022-05-30T08:33:26,189,0,57,189
2022-05-30T08:43:39,189,0,57,189
2022-05-30T08:53:53,189,0,57,189
2022-05-30T09:04:07,189,0,57,189
2022-05-30T09:14:21,189,0,57,189
2022-05-30T09:24:35,189,0,57,189
2022-05-30T09:34:49,189,0,57,189
2022-05-30T09:45:04,189,0,57,189
2022-05-30T09:55:19,189,0,57,189
2022-05-30T10:05:34,189,0,57,189
2022-05-30T10:15:49,189,0,57,189
2022-05-30T10:26:03,189,0,57,189
2022-05-30T10:36:35,189,0,57,189
2022-05-30T10:46:50,189,0,57,189
2022-05-30T10:57:04,189,0,57,189
2022-05-30T11:07:19,189,0,57,189
2022-05-30T11:17:34,189,0,57,189
2022-05-30T11:27:48,189,0,57,189
2022-05-30T11:38:03,189,0,57,189
2022-05-30T11:48:17,189,0,57,189
2022-05-30T11:58:32,189,0,57,189
2022-05-30T12:08:57,189,0,58,189
2022-05-30T12:19:11,189,0,58,189
2022-05-30T12:29:25,189,0,58,189
2022-05-30T12:39:40,189,0,58,189
2022-05-30T12:49:55,189,0,58,189
2022-05-30T13:00:09,189,0,58,189
2022-05-30T13:10:23,189,0,58,189
2022-05-30T13:20:54,189,0,58,189
2022-05-30T13:31:08,189,0,58,189
2022-05-30T13:41:23,189,0,58,189
2022-05-30T13:51:37,189,0,58,189
2022-05-30T14:01:52,189,0,58,189
2022-05-30T14:12:07,189,0,58,189
2022-05-30T14:22:22,189,0,58,189
2022-05-30T14:32:36,189,0,58,189
2022-05-30T14:43:01,189,0,58,189
2022-05-30T14:53:15,189,0,58,189
2022-05-30T15:03:30,189,0,58,189
2022-05-30T15:13:44,189,0,58,189
2022-05-30T15:23:59,189,0,58,189
2022-05-30T15:34:14,189,0,58,189
2022-05-30T15:44:29,189,0,58,189
2022-05-30T15:54:43,189,0,58,189
2022-05-30T16:05:08,189,0,58,189
2022-05-30T16:15:23,189,0,58,189
2022-05-30T16:25:38,189,0,58,189
2022-05-30T16:35:52,189,0,58,189
2022-05-30T16:46:07,189,0,58,189
2022-05-30T16:56:21,189,0,58,189
2022-05-30T17:06:37,189,0,58,189
2022-05-30T17:17:10,189,0,58,189
2022-05-30T17:27:25,189,0,58,189
2022-05-30T17:37:39,189,0,58,189
2022-05-30T17:47:54,189,0,58,189
2022-05-30T17:58:08,189,0,58,189
2022-05-30T18:08:23,189,0,58,189
2022-05-30T18:18:37,189,0,58,189
2022-05-30T18:28:52,189,0,58,189
2022-05-30T18:39:16,189,0,58,189
2022-05-30T18:49:30,189,0,58,189
2022-05-30T18:59:46,189,0,58,189
2022-05-30T19:10:01,189,0,58,189
2022-05-30T19:20:15,189,0,59,189
2022-05-30T19:30:30,189,0,59,189
2022-05-30T19:40:44,189,0,59,189
2022-05-30T19:51:09,189,0,59,189
2022-05-30T20:01:23,189,0,59,189
2022-05-30T20:11:38,189,0,59,189
2022-05-30T20:21:52,189,0,59,189
2022-05-30T20:32:07,189,0,60,189
2022-05-30T20:42:22,189,0,60,189
2022-05-30T20:52:37,189,0,60,189
2022-05-30T21:03:09,189,0,61,189
2022-05-30T21:13:24,189,0,61,189
2022-05-30T21:23:38,189,0,62,189
2022-05-30T21:33:53,189,0,63,189
2022-05-30T21:44:08,189,0,64,189
2022-05-30T21:54:23,189,0,64,189
2022-05-30T22:04:48,189,0,64,189
2022-05-30T22:15:04,189,0,65,189
2022-05-30T22:25:20,189,0,66,189
2022-05-30T22:35:36,189,0,66,189
2022-05-30T22:45:51,189,0,66,189
2022-05-30T22:56:06,189,0,66,189
2022-05-30T23:06:38,189,0,66,189
2022-05-30T23:16:53,189,0,66,189
2022-05-30T23:27:08,189,0,66,189
2022-05-30T23:37:23,189,0,66,189
2022-05-30T23:47:37,189,0,66,189
2022-05-30T23:57:52,189,0,66,189
2022-05-31T00:08:18,189,0,66,189
2022-05-31T00:18:35,189,0,66,189
2022-05-31T00:28:50,189,0,66,189
2022-05-31T00:39:05,189,0,66,189
2022-05-31T00:49:20,189,0,66,189
2022-05-31T00:59:35,189,0,66,189
2022-05-31T01:10:13,189,0,66,189
2022-05-31T01:20:29,189,0,66,189
2022-05-31T01:30:45,189,0,66,189
2022-05-31T01:41:00,189,0,66,189
2022-05-31T01:51:15,189,0,66,189
2022-05-31T02:01:30,189,0,66,189
2022-05-31T02:11:46,189,0,66,189
2022-05-31T02:22:01,189,0,66,189
2022-05-31T02:32:17,189,0,66,189
2022-05-31T02:42:32,189,0,66,189
2022-05-31T02:52:57,189,0,66,189
2022-05-31T03:03:12,189,0,66,189
2022-05-31T03:13:27,189,0,66,189
2022-05-31T03:23:42,189,0,66,189
2022-05-31T03:33:58,189,0,66,189
2022-05-31T03:44:14,189,0,66,189
2022-05-31T03:54:30,189,0,66,189
2022-05-31T04:04:48,189,0,66,189
2022-05-31T04:15:04,189,0,66,189
2022-05-31T04:42:29,189,0,66,189
2022-05-31T04:52:46,189,0,66,189
2022-05-31T05:03:04,189,0,66,189
2022-05-31T05:13:21,189,0,66,189
2022-05-31T05:23:38,189,0,66,189
2022-05-31T05:33:55,189,0,66,189
2022-05-31T05:44:11,189,0,66,189
2022-05-31T05:54:28,189,0,66,189
2022-05-31T06:04:44,189,0,66,189
2022-05-31T06:15:00,189,0,66,189
2022-05-31T06:25:15,189,0,66,189
2022-05-31T06:35:30,189,0,66,189
2022-05-31T06:45:45,189,0,66,189
2022-05-31T06:56:02,189,0,66,189
2022-05-31T07:06:24,189,0,66,189
2022-05-31T07:16:44,189,0,66,189
2022-05-31T07:27:03,189,0,66,189
2022-05-31T07:37:22,189,0,66,189
2022-05-31T07:47:41,189,0,66,189
2022-05-31T07:58:03,189,0,66,189
2022-05-31T08:08:23,189,0,66,189
2022-05-31T08:18:43,189,0,66,189
2022-05-31T08:29:03,189,0,66,189
2022-05-31T08:39:35,189,0,66,189
2022-05-31T08:50:01,189,0,66,189
2022-05-31T09:00:33,189,0,66,189
2022-05-31T09:11:06,189,0,66,189
2022-05-31T09:21:32,189,0,66,189
2022-05-31T09:31:59,189,0,66,189
2022-05-31T09:42:26,189,0,66,189
2022-05-31T09:52:53,189,0,66,189
2022-05-31T10:03:19,189,0,66,189
2022-05-31T10:13:57,189,0,66,189
2022-05-31T10:24:21,189,0,66,189
2022-05-31T10:34:46,189,0,66,189
2022-05-31T10:45:08,189,0,66,189
2022-05-31T10:55:29,189,0,66,189
2022-05-31T11:06:10,189,0,66,189
2022-05-31T11:16:32,189,0,66,189
2022-05-31T11:26:54,189,0,66,189
2022-05-31T11:37:17,189,0,66,189
2022-05-31T11:47:38,189,0,66,189
2022-05-31T11:58:12,189,0,66,189
2022-05-31T12:08:33,189,0,67,189
2022-05-31T12:18:55,189,0,67,189
2022-05-31T12:29:16,189,0,67,189
2022-05-31T12:39:50,189,0,67,189
2022-05-31T12:50:11,189,0,67,189
2022-05-31T13:00:33,189,0,67,189
2022-05-31T13:10:55,189,0,67,189
2022-05-31T13:21:17,189,0,67,189
2022-05-31T13:31:50,189,0,67,189
2022-05-31T13:42:12,189,0,67,189
2022-05-31T13:52:36,189,0,67,189
2022-05-31T14:03:00,189,0,67,189
2022-05-31T14:13:44,189,0,67,189
2022-05-31T14:24:05,189,0,67,189
2022-05-31T14:34:28,189,0,67,189
2022-05-31T14:44:50,189,0,68,189
2022-05-31T14:55:12,189,0,69,189
2022-05-31T15:05:47,189,0,69,189
2022-05-31T15:16:09,189,0,69,189
2022-05-31T15:26:31,189,0,69,189
2022-05-31T15:36:53,189,0,69,189
2022-05-31T15:47:15,189,0,69,189
2022-05-31T15:57:37,189,0,69,189
2022-05-31T16:08:09,189,0,69,189
2022-05-31T16:18:31,189,0,69,189
2022-05-31T16:28:53,189,0,70,189
2022-05-31T16:39:14,189,0,70,189
2022-05-31T16:49:35,189,0,70,189
2022-05-31T17:00:07,189,0,70,189
2022-05-31T17:10:29,189,0,70,189
2022-05-31T17:20:50,189,0,70,189
2022-05-31T17:31:11,189,0,70,189
2022-05-31T17:41:31,189,0,70,189
2022-05-31T17:51:51,189,0,70,189
2022-05-31T18:02:24,189,0,70,189
2022-05-31T18:12:44,189,0,70,189
2022-05-31T18:23:04,189,0,70,189
2022-05-31T18:33:25,189,0,70,189
2022-05-31T18:43:45,189,0,70,189
2022-05-31T18:54:07,189,0,70,189
2022-05-31T19:04:40,189,0,70,189
2022-05-31T19:15:00,189,0,70,189
2022-05-31T19:25:21,189,0,70,189
2022-05-31T19:35:41,189,0,70,189
2022-05-31T19:46:01,189,0,70,189
2022-05-31T19:56:21,189,0,70,189
2022-05-31T20:06:54,189,0,70,189
2022-05-31T20:17:15,189,0,70,189
2022-05-31T20:27:35,189,0,70,189
2022-05-31T20:37:55,189,0,70,189
2022-05-31T20:48:14,189,0,70,189
2022-05-31T20:58:45,189,0,72,189
2022-05-31T21:09:05,189,0,73,189
2022-05-31T21:19:24,189,0,73,189
2022-05-31T21:29:44,189,0,73,189
2022-05-31T21:40:03,189,0,73,189
2022-05-31T21:50:43,189,0,73,189
2022-05-31T22:01:03,189,0,73,189
2022-05-31T22:11:23,189,0,73,189
2022-05-31T22:21:42,189,0,73,189
2022-05-31T22:32:02,189,0,73,189
2022-05-31T22:42:22,189,0,73,189
2022-05-31T22:52:41,189,0,73,189
2022-05-31T23:03:13,189,0,73,189
2022-05-31T23:13:32,189,0,73,189
2022-05-31T23:23:51,189,0,73,189
2022-05-31T23:34:11,189,0,73,189
2022-05-31T23:44:31,189,0,73,189
2022-05-31T23:54:50,189,0,73,189
2022-06-01T00:05:14,189,0,73,189
2022-06-01T00:15:47,189,0,73,189
2022-06-01T00:26:08,189,0,73,189
2022-06-01T00:36:29,189,0,73,189
2022-06-01T00:46:51,189,0,73,189
2022-06-01T00:57:12,189,0,73,189
2022-06-01T01:07:34,189,0,73,189
2022-06-01T01:17:55,189,0,73,189
2022-06-01T01:28:15,189,0,73,189
2022-06-01T01:38:34,189,0,73,189
2022-06-01T01:48:54,189,0,73,189
2022-06-01T01:59:15,189,0,73,189
2022-06-01T02:09:35,189,0,73,189
2022-06-01T02:20:08,189,0,73,189
2022-06-01T02:30:35,189,0,73,189
2022-06-01T02:40:56,189,0,73,189
2022-06-01T02:51:16,189,0,73,189
2022-06-01T03:01:35,189,0,73,189
2022-06-01T03:11:55,189,0,73,189
2022-06-01T03:22:14,189,0,73,189
2022-06-01T03:32:33,189,0,73,189
2022-06-01T03:42:53,189,0,73,189
2022-06-01T03:53:13,189,0,73,189
2022-06-01T04:03:34,189,0,73,189
2022-06-01T04:13:54,189,0,73,189
2022-06-01T04:38:44,189,0,73,189
2022-06-01T04:49:04,189,0,73,189
2022-06-01T04:59:24,189,0,73,189
2022-06-01T05:09:48,189,0,73,189
2022-06-01T05:21:52,189,0,73,189
2022-06-01T05:32:13,189,0,73,189
2022-06-01T05:42:35,189,0,73,189
2022-06-01T05:52:58,189,0,73,189
2022-06-01T06:03:19,189,0,73,189
2022-06-01T06:13:39,189,0,73,189
2022-06-01T06:23:59,189,0,73,189
2022-06-01T06:34:19,189,0,73,189
2022-06-01T06:44:39,189,0,73,189
2022-06-01T06:54:57,189,0,73,189
2022-06-01T07:05:18,189,0,73,189
2022-06-01T07:15:37,189,0,73,189
2022-06-01T07:25:56,189,0,73,189
2022-06-01T07:36:16,189,0,73,189
2022-06-01T07:46:36,189,0,73,189
2022-06-01T07:57:00,189,0,73,189
2022-06-01T08:07:20,189,0,73,189
2022-06-01T08:17:41,189,0,73,189
2022-06-01T08:28:14,189,0,73,189
2022-06-01T08:38:35,189,0,73,189
2022-06-01T08:48:56,189,0,73,189
2022-06-01T08:59:17,189,0,73,189
2022-06-01T09:09:38,189,0,73,189
2022-06-01T09:20:01,189,0,73,189
2022-06-01T09:30:23,189,0,73,189
2022-06-01T09:40:45,189,0,73,189
2022-06-01T09:51:08,189,0,73,189
2022-06-01T10:01:30,189,0,73,189
2022-06-01T10:11:54,189,0,73,189
2022-06-01T10:22:28,189,0,73,189
2022-06-01T10:32:52,189,0,73,189
2022-06-01T10:43:14,189,0,73,189
2022-06-01T10:53:37,189,0,73,189
2022-06-01T11:04:04,189,0,73,189
2022-06-01T11:14:33,189,0,73,189
2022-06-01T11:25:00,189,0,73,189
2022-06-01T11:35:39,189,0,73,189
2022-06-01T11:46:06,189,0,73,189
2022-06-01T11:56:34,189,0,73,189
2022-06-01T12:07:04,189,0,73,189
2022-06-01T12:17:36,189,0,73,189
2022-06-01T12:28:18,189,0,73,189
2022-06-01T12:38:52,189,0,73,189
2022-06-01T12:49:25,189,0,73,189
2022-06-01T13:00:01,189,0,73,189
2022-06-01T13:10:33,189,0,73,189
2022-06-01T13:21:05,189,0,74,189
2022-06-01T13:31:47,189,0,74,189
2022-06-01T13:42:17,189,0,74,189
2022-06-01T13:52:48,189,0,74,189
2022-06-01T14:03:19,189,0,74,189
2022-06-01T14:13:50,189,0,74,189
2022-06-01T14:24:28,189,0,74,189
2022-06-01T14:34:56,189,0,74,189
2022-06-01T14:45:23,189,0,75,189
2022-06-01T14:55:46,189,0,75,189
2022-06-01T15:06:11,189,0,75,189
2022-06-01T15:16:36,189,0,75,189
2022-06-01T15:27:13,189,0,75,0
2022-06-01T15:37:37,187,0,77,0
2022-06-01T15:48:01,186,0,77,0
2022-06-01T15:58:24,185,0,78,0
2022-06-01T16:08:49,185,0,78,0
2022-06-01T16:19:25,184,0,79,0
2022-06-01T16:29:49,184,0,79,0
2022-06-01T16:40:12,184,0,79,0
2022-06-01T16:50:37,184,0,79,0
2022-06-01T17:01:00,184,0,79,0
2022-06-01T17:11:38,184,0,79,0
2022-06-01T17:22:02,184,0,79,0
2022-06-01T17:32:24,184,0,79,0
2022-06-01T17:42:46,184,0,79,0
2022-06-01T17:53:22,184,0,80,0
2022-06-01T18:03:46,184,0,80,0
2022-06-01T18:14:09,184,0,80,0
2022-06-01T18:24:31,184,0,81,0
2022-06-01T18:34:56,184,0,81,0
2022-06-01T18:45:18,184,0,81,0
2022-06-01T18:55:53,184,0,81,0
2022-06-01T19:06:15,184,0,81,0
2022-06-01T19:16:37,184,0,81,0
2022-06-01T19:27:00,184,0,81,0
2022-06-01T19:37:23,184,0,81,0
2022-06-01T19:47:56,184,0,81,0
2022-06-01T19:58:19,184,0,81,0
2022-06-01T20:08:42,184,0,81,0
2022-06-01T20:19:04,184,0,81,0
2022-06-01T20:29:38,183,0,82,0
2022-06-01T20:40:01,183,0,82,0
2022-06-01T20:50:23,183,0,82,0
2022-06-01T21:00:44,183,0,82,0
2022-06-01T21:11:06,183,0,82,0
2022-06-01T21:21:39,183,0,81,0
2022-06-01T21:32:01,183,0,81,0
2022-06-01T21:42:23,183,0,81,0
2022-06-01T21:52:45,183,0,81,0
2022-06-01T22:03:06,183,0,81,0
2022-06-01T22:13:30,183,0,81,0
2022-06-01T22:24:04,183,0,81,0
2022-06-01T22:34:26,183,0,81,0
2022-06-01T22:44:47,183,0,81,0
2022-06-01T22:55:08,183,0,81,0
2022-06-01T23:05:29,183,0,81,0
2022-06-01T23:15:51,183,0,81,0
2022-06-01T23:26:23,183,0,81,0
2022-06-01T23:36:45,183,0,81,0
2022-06-01T23:47:06,183,0,81,0
2022-06-01T23:57:26,183,0,81,0
2022-06-02T00:07:49,183,0,81,0
2022-06-02T00:18:26,183,0,81,0
2022-06-02T00:28:48,183,0,81,0
2022-06-02T00:39:11,183,0,81,0
2022-06-02T00:49:34,183,0,81,0
2022-06-02T00:59:56,183,0,81,0
2022-06-02T01:10:18,183,0,81,0
2022-06-02T01:20:40,183,0,81,0
2022-06-02T01:31:03,183,0,81,0
2022-06-02T01:41:24,183,0,81,0
2022-06-02T01:51:47,183,0,81,0
2022-06-02T02:02:11,183,0,81,0
2022-06-02T02:12:40,183,0,81,0
2022-06-02T02:23:04,183,0,81,0
2022-06-02T02:33:38,183,0,81,0
2022-06-02T02:44:02,183,0,81,0
2022-06-02T02:54:27,183,0,81,0
2022-06-02T03:04:50,183,0,81,0
2022-06-02T03:15:12,183,0,81,0
2022-06-02T03:25:38,183,0,81,0
2022-06-02T03:36:05,183,0,81,0
2022-06-02T03:46:32,183,0,81,0
2022-06-02T03:56:59,183,0,81,0
2022-06-02T04:10:03,183,0,81,0
2022-06-02T04:41:59,183,0,81,0
2022-06-02T04:52:31,183,0,81,0
2022-06-02T05:03:00,183,0,81,0
2022-06-02T05:13:29,183,0,81,0
2022-06-02T05:23:59,183,0,81,0
2022-06-02T05:34:24,183,0,81,0
2022-06-02T05:44:51,183,0,81,0
2022-06-02T05:55:17,183,0,81,0
2022-06-02T06:05:40,183,0,81,0
2022-06-02T06:16:03,183,0,81,0
2022-06-02T06:26:25,183,0,81,0
2022-06-02T06:36:48,183,0,81,0
2022-06-02T06:47:10,183,0,81,0
2022-06-02T06:57:32,183,0,81,0
2022-06-02T07:07:56,183,0,81,0
2022-06-02T07:18:19,183,0,81,0
2022-06-02T07:28:41,183,0,81,0
2022-06-02T07:39:02,183,0,81,0
2022-06-02T07:49:24,183,0,81,0
2022-06-02T07:59:45,183,0,81,0
